price,year,manufacturer,model,cylinders,fuel,odometer,title_status,transmission,type,engine_size,hp
29999.0,2013.0,tesla,s,0,electric,61120.0,clean,automatic,sedan,0.0,235
32500.0,2013.0,tesla,s,0,electric,65000.0,clean,automatic,sedan,0.0,235
40000.0,2013.0,tesla,s,0,electric,72172.0,clean,automatic,sedan,0.0,235
28000.0,2013.0,tesla,s,0,electric,104000.0,clean,automatic,sedan,0.0,235
47500.0,2014.0,tesla,s,0,electric,77700.0,clean,automatic,sedan,0.0,302
36900.0,2014.0,tesla,s,0,electric,39000.0,clean,automatic,sedan,0.0,302
44799.0,2015.0,tesla,s,0,electric,31514.0,clean,automatic,sedan,0.0,380
35000.0,2015.0,tesla,s,0,electric,49745.0,lien,automatic,sedan,0.0,380
39995.0,2015.0,tesla,s,0,electric,41700.0,clean,automatic,sedan,0.0,380
55995.0,2016.0,tesla,s,0,electric,28000.0,clean,automatic,sedan,0.0,315
46087.0,2016.0,tesla,s,0,electric,24350.0,clean,automatic,sedan,0.0,315
48000.0,2017.0,tesla,s,0,electric,33222.0,clean,automatic,sedan,0.0,382
81489.0,2020.0,tesla,s,0,electric,14100.0,clean,automatic,sedan,0.0,518
15000.0,2021.0,tesla,s,0,electric,15000.0,clean,automatic,sedan,0.0,518
42900.0,2018.0,tesla,3,0,electric,46917.0,clean,automatic,sedan,0.0,258
60000.0,2016.0,tesla,x,0,electric,122000.0,lien,automatic,SUV,0.0,328
