price,year,manufacturer,model,cylinders,fuel,odometer,title_status,transmission,type,engine_size,hp
1500.0,2000.0,mitsubishi,montero,6.0,gas,148000.0,clean,automatic,SUV,3.5,200
2200.0,2000.0,mitsubishi,montero,6.0,gas,186000.0,clean,automatic,SUV,3.5,200
2998.0,2003.0,mitsubishi,montero,6.0,gas,186877.0,clean,automatic,SUV,3.8,215
2300.0,2003.0,mitsubishi,montero,6.0,gas,197000.0,clean,automatic,SUV,3.8,215
4495.0,2000.0,mitsubishi,montero,6.0,gas,175504.0,clean,automatic,SUV,3.5,200
2200.0,2001.0,mitsubishi,montero,6.0,gas,289419.0,clean,automatic,SUV,3.5,200
2995.0,2001.0,mitsubishi,montero,6.0,gas,178773.0,clean,automatic,SUV,3.5,200
3500.0,2001.0,mitsubishi,montero,6.0,gas,127000.0,clean,automatic,SUV,3.5,200
3000.0,2001.0,mitsubishi,montero,6.0,gas,177200.0,clean,automatic,SUV,3.5,200
2000.0,2001.0,mitsubishi,montero,6.0,gas,144478.0,clean,automatic,SUV,3.5,200
2995.0,2001.0,mitsubishi,montero,6.0,gas,163936.0,clean,automatic,SUV,3.5,200
2995.0,2001.0,mitsubishi,montero,6.0,gas,163647.0,clean,automatic,SUV,3.5,200
5900.0,2001.0,mitsubishi,montero,6.0,gas,143456.0,clean,automatic,SUV,3.5,200
2695.0,2002.0,mitsubishi,montero,6.0,gas,193000.0,clean,automatic,SUV,3.5,200
3000.0,2002.0,mitsubishi,montero,6.0,gas,150000.0,clean,automatic,SUV,3.5,200
4200.0,2002.0,mitsubishi,montero,6.0,gas,122000.0,salvage,automatic,SUV,3.5,200
3750.0,2002.0,mitsubishi,montero,6.0,gas,180000.0,clean,automatic,SUV,3.5,200
3000.0,2002.0,mitsubishi,montero,6.0,gas,175000.0,clean,automatic,SUV,3.5,200
2900.0,2002.0,mitsubishi,montero,6.0,gas,265350.0,clean,automatic,SUV,3.5,200
1900.0,2002.0,mitsubishi,montero,6.0,gas,96000.0,clean,automatic,SUV,3.5,200
5995.0,2002.0,mitsubishi,montero,6.0,gas,226294.0,clean,automatic,SUV,3.5,200
4444.0,2002.0,mitsubishi,montero,6.0,gas,153849.0,clean,automatic,SUV,3.5,200
2495.0,2002.0,mitsubishi,montero,6.0,gas,206923.0,clean,automatic,SUV,3.5,200
2000.0,2003.0,mitsubishi,montero,6.0,gas,162000.0,clean,automatic,SUV,3.8,215
3500.0,2003.0,mitsubishi,montero,6.0,gas,175692.0,clean,automatic,SUV,3.8,215
2900.0,2003.0,mitsubishi,montero,6.0,gas,190000.0,clean,automatic,SUV,3.8,215
2800.0,2003.0,mitsubishi,montero,6.0,gas,170000.0,clean,automatic,SUV,3.8,215
2500.0,2003.0,mitsubishi,montero,6.0,gas,140000.0,clean,automatic,SUV,3.8,215
2500.0,2003.0,mitsubishi,montero,6.0,gas,140800.0,clean,automatic,SUV,3.8,215
2800.0,2003.0,mitsubishi,montero,6.0,gas,214000.0,clean,automatic,SUV,3.8,215
5995.0,2003.0,mitsubishi,montero,6.0,gas,125200.0,clean,automatic,SUV,3.8,215
5995.0,2003.0,mitsubishi,montero,6.0,gas,162129.0,clean,automatic,SUV,3.8,215
3200.0,2003.0,mitsubishi,montero,6.0,gas,212000.0,clean,automatic,SUV,3.8,215
2500.0,2003.0,mitsubishi,montero,6.0,gas,140000.0,clean,automatic,SUV,3.8,215
2500.0,2003.0,mitsubishi,montero,6.0,gas,140000.0,clean,automatic,SUV,3.8,215
4000.0,2004.0,mitsubishi,montero,6.0,gas,185700.0,clean,automatic,SUV,3.8,215
2000.0,2004.0,mitsubishi,montero,6.0,gas,168000.0,clean,automatic,SUV,3.8,215
4500.0,2005.0,mitsubishi,montero,6.0,gas,190468.0,clean,automatic,SUV,3.8,215
7995.0,2006.0,mitsubishi,montero,6.0,gas,109234.0,clean,automatic,SUV,3.8,215
2800.0,2004.0,mitsubishi,endeavor,6.0,gas,143000.0,clean,automatic,SUV,3.8,225
2800.0,2004.0,mitsubishi,endeavor,6.0,gas,143000.0,clean,automatic,SUV,3.8,225
1700.0,2004.0,mitsubishi,endeavor,6.0,gas,100000.0,rebuilt,automatic,SUV,3.8,225
2995.0,2004.0,mitsubishi,endeavor,6.0,gas,192105.0,clean,automatic,SUV,3.8,225
4200.0,2004.0,mitsubishi,endeavor,6.0,gas,162075.0,clean,automatic,SUV,3.8,225
2995.0,2004.0,mitsubishi,endeavor,6.0,gas,120000.0,clean,automatic,SUV,3.8,225
2550.0,2004.0,mitsubishi,endeavor,6.0,gas,167098.0,clean,automatic,SUV,3.8,225
2800.0,2004.0,mitsubishi,endeavor,6.0,gas,166851.0,clean,automatic,SUV,3.8,225
1950.0,2004.0,mitsubishi,endeavor,6.0,gas,115000.0,clean,automatic,SUV,3.8,225
5499.0,2004.0,mitsubishi,endeavor,6.0,gas,168050.0,clean,automatic,SUV,3.8,225
6991.0,2004.0,mitsubishi,endeavor,6.0,gas,151520.0,clean,automatic,SUV,3.8,225
4299.0,2004.0,mitsubishi,endeavor,6.0,gas,124227.0,clean,automatic,SUV,3.8,225
5777.0,2005.0,mitsubishi,endeavor,6.0,gas,125000.0,clean,automatic,SUV,3.8,225
1450.0,2005.0,mitsubishi,endeavor,6.0,gas,244000.0,clean,automatic,SUV,3.8,225
2250.0,2006.0,mitsubishi,endeavor,6.0,gas,240000.0,clean,automatic,SUV,3.8,225
9995.0,2007.0,mitsubishi,endeavor,6.0,gas,153294.0,clean,automatic,SUV,3.8,225
3900.0,2007.0,mitsubishi,endeavor,6.0,gas,129400.0,clean,automatic,SUV,3.8,225
5827.0,2007.0,mitsubishi,endeavor,6.0,gas,151800.0,clean,automatic,SUV,3.8,225
3555.0,2008.0,mitsubishi,endeavor,6.0,gas,160000.0,clean,automatic,SUV,3.8,225
5700.0,2008.0,mitsubishi,endeavor,6.0,gas,95470.0,clean,automatic,SUV,3.8,225
4500.0,2008.0,mitsubishi,endeavor,6.0,gas,156000.0,clean,automatic,SUV,3.8,225
3200.0,2008.0,mitsubishi,endeavor,6.0,gas,130000.0,clean,automatic,SUV,3.8,225
5990.0,2008.0,mitsubishi,endeavor,6.0,gas,167000.0,clean,automatic,SUV,3.8,225
6300.0,2008.0,mitsubishi,endeavor,6.0,gas,106000.0,clean,automatic,SUV,3.8,225
3900.0,2008.0,mitsubishi,endeavor,6.0,gas,160000.0,clean,automatic,SUV,3.8,225
5995.0,2008.0,mitsubishi,endeavor,6.0,gas,127281.0,clean,automatic,SUV,3.8,225
5000.0,2010.0,mitsubishi,endeavor,6.0,gas,108000.0,clean,automatic,SUV,3.8,225
5300.0,2010.0,mitsubishi,endeavor,6.0,gas,108000.0,clean,automatic,SUV,3.8,225
6200.0,2010.0,mitsubishi,endeavor,6.0,gas,99000.0,clean,automatic,SUV,3.8,225
5000.0,2010.0,mitsubishi,endeavor,6.0,gas,221445.0,lien,automatic,SUV,3.8,225
6800.0,2011.0,mitsubishi,endeavor,6.0,gas,96000.0,lien,automatic,SUV,3.8,225
8400.0,2011.0,mitsubishi,endeavor,6.0,gas,68994.0,clean,automatic,SUV,3.8,225
5750.0,2011.0,mitsubishi,endeavor,6.0,gas,174729.0,clean,automatic,SUV,3.8,225
6495.0,2011.0,mitsubishi,endeavor,6.0,gas,148497.0,clean,automatic,SUV,3.8,225
9885.0,2011.0,mitsubishi,endeavor,6.0,gas,82144.0,clean,automatic,SUV,3.8,225
5000.0,2011.0,mitsubishi,endeavor,6.0,gas,146000.0,clean,automatic,SUV,3.8,225
4995.0,2011.0,mitsubishi,endeavor,6.0,gas,129501.0,clean,automatic,SUV,3.8,225
6495.0,2011.0,mitsubishi,endeavor,6.0,gas,136000.0,clean,manual,SUV,3.8,225
6495.0,2011.0,mitsubishi,endeavor,6.0,gas,136000.0,clean,automatic,SUV,3.8,225
1900.0,2008.0,mitsubishi,outlander,4.0,gas,216000.0,clean,automatic,SUV,2.4,168
3395.0,2003.0,mitsubishi,outlander,4.0,gas,185850.0,clean,automatic,SUV,2.4,140
3595.0,2003.0,mitsubishi,outlander,4.0,gas,185850.0,clean,automatic,SUV,2.4,140
3175.0,2003.0,mitsubishi,outlander,4.0,gas,185000.0,clean,automatic,SUV,2.4,140
3999.0,2003.0,mitsubishi,outlander,4.0,gas,175112.0,clean,automatic,SUV,2.4,140
3000.0,2003.0,mitsubishi,outlander,4.0,gas,218000.0,clean,automatic,SUV,2.4,140
3995.0,2003.0,mitsubishi,outlander,4.0,gas,177364.0,clean,automatic,SUV,2.4,140
2200.0,2003.0,mitsubishi,outlander,4.0,gas,198000.0,clean,automatic,SUV,2.4,140
1300.0,2003.0,mitsubishi,outlander,4.0,gas,145000.0,clean,automatic,SUV,2.4,140
2500.0,2003.0,mitsubishi,outlander,4.0,gas,197000.0,clean,automatic,SUV,2.4,140
2200.0,2003.0,mitsubishi,outlander,4.0,gas,200298.0,clean,automatic,SUV,2.4,140
2700.0,2004.0,mitsubishi,outlander,4.0,gas,90000.0,clean,automatic,SUV,2.4,160
3800.0,2004.0,mitsubishi,outlander,4.0,gas,163121.0,clean,automatic,SUV,2.4,160
3999.0,2004.0,mitsubishi,outlander,4.0,gas,97447.0,clean,automatic,SUV,2.4,160
2000.0,2004.0,mitsubishi,outlander,4.0,gas,117800.0,clean,automatic,SUV,2.4,160
3500.0,2004.0,mitsubishi,outlander,4.0,gas,291670.0,clean,automatic,SUV,2.4,160
3995.0,2004.0,mitsubishi,outlander,4.0,gas,235000.0,clean,automatic,SUV,2.4,160
2950.0,2004.0,mitsubishi,outlander,4.0,gas,137300.0,clean,automatic,SUV,2.4,160
1400.0,2004.0,mitsubishi,outlander,4.0,gas,260000.0,clean,automatic,SUV,2.4,160
2995.0,2004.0,mitsubishi,outlander,4.0,gas,235000.0,clean,automatic,SUV,2.4,160
3950.0,2004.0,mitsubishi,outlander,4.0,gas,163895.0,clean,manual,SUV,2.4,160
5900.0,2005.0,mitsubishi,outlander,4.0,gas,45000.0,clean,automatic,SUV,2.4,160
3300.0,2005.0,mitsubishi,outlander,4.0,gas,175578.0,clean,automatic,SUV,2.4,160
3900.0,2005.0,mitsubishi,outlander,4.0,gas,98000.0,clean,automatic,SUV,2.4,160
2200.0,2005.0,mitsubishi,outlander,4.0,gas,82000.0,missing,manual,SUV,2.4,160
1500.0,2005.0,mitsubishi,outlander,4.0,gas,211000.0,clean,manual,SUV,2.4,160
1800.0,2006.0,mitsubishi,outlander,4.0,gas,171000.0,clean,automatic,SUV,2.4,160
5500.0,2006.0,mitsubishi,outlander,4.0,gas,165000.0,clean,automatic,SUV,2.4,160
3995.0,2006.0,mitsubishi,outlander,4.0,gas,99000.0,clean,automatic,SUV,2.4,160
2900.0,2006.0,mitsubishi,outlander,4.0,gas,212531.0,clean,automatic,SUV,2.4,160
4300.0,2006.0,mitsubishi,outlander,4.0,gas,189468.0,clean,automatic,SUV,2.4,160
1400.0,2006.0,mitsubishi,outlander,4.0,gas,188000.0,clean,automatic,SUV,2.4,160
5495.0,2007.0,mitsubishi,outlander,6.0,gas,186000.0,clean,automatic,SUV,3.0,220
5495.0,2007.0,mitsubishi,outlander,4.0,gas,162078.0,clean,automatic,SUV,2.4,160
2000.0,2007.0,mitsubishi,outlander,4.0,gas,165000.0,clean,automatic,SUV,2.4,160
4495.0,2007.0,mitsubishi,outlander,6.0,gas,193460.0,clean,automatic,SUV,3.0,220
5800.0,2007.0,mitsubishi,outlander,6.0,gas,105000.0,clean,automatic,SUV,3.0,220
4495.0,2007.0,mitsubishi,outlander,6.0,gas,169044.0,clean,automatic,SUV,3.0,220
6995.0,2007.0,mitsubishi,outlander,4.0,gas,158420.0,clean,automatic,SUV,2.4,160
3995.0,2007.0,mitsubishi,outlander,4.0,gas,122533.0,clean,automatic,SUV,2.4,160
3300.0,2007.0,mitsubishi,outlander,6.0,gas,170463.0,clean,automatic,SUV,3.0,220
4999.0,2007.0,mitsubishi,outlander,4.0,gas,170000.0,salvage,automatic,SUV,2.4,160
4200.0,2007.0,mitsubishi,outlander,6.0,gas,150000.0,clean,automatic,SUV,3.0,220
4200.0,2007.0,mitsubishi,outlander,6.0,gas,150000.0,clean,automatic,SUV,3.0,220
1500.0,2007.0,mitsubishi,outlander,6.0,gas,160454.0,clean,automatic,SUV,3.0,220
7995.0,2007.0,mitsubishi,outlander,6.0,gas,164000.0,clean,automatic,SUV,3.0,220
5500.0,2007.0,mitsubishi,outlander,6.0,gas,179700.0,clean,automatic,SUV,3.0,220
3795.0,2008.0,mitsubishi,outlander,4.0,gas,156271.0,clean,automatic,SUV,2.4,168
5900.0,2008.0,mitsubishi,outlander,6.0,gas,102000.0,clean,automatic,SUV,3.0,220
3995.0,2008.0,mitsubishi,outlander,4.0,gas,144199.0,clean,automatic,SUV,2.4,168
4995.0,2008.0,mitsubishi,outlander,4.0,gas,118594.0,clean,automatic,SUV,2.4,168
5495.0,2008.0,mitsubishi,outlander,6.0,gas,191115.0,clean,automatic,SUV,3.0,220
5300.0,2008.0,mitsubishi,outlander,4.0,gas,146000.0,clean,automatic,SUV,2.4,168
3800.0,2009.0,mitsubishi,outlander,4.0,gas,133000.0,clean,automatic,SUV,2.4,168
2500.0,2009.0,mitsubishi,outlander,4.0,gas,165000.0,clean,automatic,SUV,2.4,168
5995.0,2009.0,mitsubishi,outlander,4.0,gas,162444.0,clean,automatic,SUV,2.4,168
5950.0,2009.0,mitsubishi,outlander,4.0,gas,163000.0,clean,automatic,SUV,2.4,168
5950.0,2009.0,mitsubishi,outlander,4.0,gas,160977.0,clean,automatic,SUV,2.4,168
5995.0,2009.0,mitsubishi,outlander,4.0,gas,163211.0,clean,automatic,SUV,2.4,168
5950.0,2009.0,mitsubishi,outlander,4.0,gas,162117.0,clean,automatic,SUV,2.4,168
5950.0,2009.0,mitsubishi,outlander,4.0,gas,160887.0,clean,automatic,SUV,2.4,168
4299.0,2009.0,mitsubishi,outlander,4.0,gas,96000.0,rebuilt,automatic,SUV,2.4,168
7999.0,2009.0,mitsubishi,outlander,4.0,gas,91000.0,clean,automatic,SUV,2.4,168
8095.0,2009.0,mitsubishi,outlander,4.0,gas,56623.0,clean,automatic,SUV,2.4,168
3949.0,2009.0,mitsubishi,outlander,4.0,gas,141091.0,clean,automatic,SUV,2.4,168
3999.0,2009.0,mitsubishi,outlander,4.0,gas,141091.0,clean,automatic,SUV,2.4,168
6500.0,2009.0,mitsubishi,outlander,4.0,gas,179899.0,clean,automatic,SUV,2.4,168
5999.0,2009.0,mitsubishi,outlander,4.0,gas,141091.0,clean,automatic,SUV,2.4,168
8999.0,2009.0,mitsubishi,outlander,6.0,gas,98290.0,clean,automatic,SUV,3.0,220
5900.0,2010.0,mitsubishi,outlander,4.0,gas,123370.0,clean,automatic,SUV,2.4,168
5995.0,2010.0,mitsubishi,outlander,4.0,gas,110585.0,clean,automatic,SUV,2.4,168
6200.0,2010.0,mitsubishi,outlander,4.0,gas,122111.0,clean,automatic,SUV,2.4,168
4450.0,2010.0,mitsubishi,outlander,6.0,gas,200900.0,clean,automatic,SUV,3.0,230
3500.0,2010.0,mitsubishi,outlander,4.0,gas,151071.0,clean,automatic,SUV,2.4,168
6200.0,2010.0,mitsubishi,outlander,6.0,gas,106354.0,clean,automatic,SUV,3.0,230
8999.0,2010.0,mitsubishi,outlander,6.0,gas,104000.0,clean,automatic,SUV,3.0,230
4900.0,2010.0,mitsubishi,outlander,4.0,gas,175000.0,clean,automatic,SUV,2.4,168
7295.0,2010.0,mitsubishi,outlander,4.0,gas,112344.0,clean,automatic,SUV,2.4,168
6500.0,2010.0,mitsubishi,outlander,6.0,gas,136200.0,clean,automatic,SUV,3.0,230
6995.0,2010.0,mitsubishi,outlander,6.0,gas,160174.0,clean,automatic,SUV,3.0,230
7899.0,2011.0,mitsubishi,outlander,4.0,gas,120000.0,clean,automatic,SUV,2.4,168
6499.0,2011.0,mitsubishi,outlander,4.0,gas,145370.0,clean,automatic,SUV,2.4,168
8100.0,2011.0,mitsubishi,outlander,4.0,gas,60000.0,clean,automatic,SUV,2.4,168
6495.0,2011.0,mitsubishi,outlander,4.0,gas,130000.0,clean,automatic,SUV,2.4,168
6500.0,2011.0,mitsubishi,outlander,4.0,gas,113547.0,clean,automatic,SUV,2.4,168
8000.0,2011.0,mitsubishi,outlander,4.0,gas,125996.0,clean,automatic,SUV,2.4,168
6500.0,2011.0,mitsubishi,outlander,4.0,gas,150572.0,lien,automatic,SUV,2.4,168
9700.0,2011.0,mitsubishi,outlander,4.0,gas,73167.0,clean,automatic,SUV,2.4,168
5495.0,2011.0,mitsubishi,outlander,4.0,gas,112000.0,clean,automatic,SUV,2.4,168
9999.0,2011.0,mitsubishi,outlander,6.0,gas,73169.0,clean,automatic,SUV,3.0,230
5999.0,2011.0,mitsubishi,outlander,4.0,gas,141200.0,salvage,automatic,SUV,2.4,168
4800.0,2011.0,mitsubishi,outlander,4.0,gas,191550.0,clean,automatic,SUV,2.4,168
4899.0,2011.0,mitsubishi,outlander,4.0,gas,129102.0,clean,automatic,SUV,2.4,168
8800.0,2011.0,mitsubishi,outlander,4.0,gas,95000.0,clean,automatic,SUV,2.4,168
15590.0,2012.0,mitsubishi,outlander,4.0,gas,55110.0,clean,automatic,SUV,2.4,168
9984.0,2012.0,mitsubishi,outlander,4.0,gas,99322.0,clean,automatic,SUV,2.4,168
5995.0,2012.0,mitsubishi,outlander,4.0,gas,136000.0,clean,automatic,SUV,2.4,168
8680.0,2012.0,mitsubishi,outlander,4.0,gas,99050.0,clean,automatic,SUV,2.4,168
8500.0,2012.0,mitsubishi,outlander,4.0,gas,100182.0,clean,automatic,SUV,2.4,168
6800.0,2012.0,mitsubishi,outlander,4.0,gas,136000.0,clean,automatic,SUV,2.4,168
9500.0,2012.0,mitsubishi,outlander,4.0,gas,75684.0,clean,automatic,SUV,2.4,168
8900.0,2012.0,mitsubishi,outlander,4.0,gas,72000.0,clean,automatic,SUV,2.4,168
7995.0,2012.0,mitsubishi,outlander,4.0,gas,98000.0,clean,automatic,SUV,2.4,168
8995.0,2012.0,mitsubishi,outlander,4.0,gas,126000.0,clean,automatic,SUV,2.4,168
7495.0,2012.0,mitsubishi,outlander,4.0,gas,137000.0,clean,automatic,SUV,2.4,168
10995.0,2012.0,mitsubishi,outlander,4.0,gas,107477.0,clean,automatic,SUV,2.4,168
10900.0,2012.0,mitsubishi,outlander,4.0,gas,84000.0,clean,automatic,SUV,2.4,168
7500.0,2012.0,mitsubishi,outlander,4.0,gas,116610.0,clean,automatic,SUV,2.4,168
8500.0,2013.0,mitsubishi,outlander,4.0,gas,137122.0,clean,automatic,SUV,2.4,168
7999.0,2013.0,mitsubishi,outlander,4.0,gas,137122.0,clean,automatic,SUV,2.4,168
8275.0,2013.0,mitsubishi,outlander,4.0,gas,122260.0,clean,automatic,SUV,2.4,168
9995.0,2013.0,mitsubishi,outlander,4.0,gas,96007.0,clean,automatic,SUV,2.4,168
6495.0,2013.0,mitsubishi,outlander,4.0,gas,109900.0,clean,automatic,SUV,2.4,168
6498.0,2013.0,mitsubishi,outlander,4.0,gas,101000.0,clean,automatic,SUV,2.4,168
4999.0,2013.0,mitsubishi,outlander,4.0,gas,189070.0,clean,manual,SUV,2.4,168
8000.0,2013.0,mitsubishi,outlander,4.0,gas,122000.0,clean,automatic,SUV,2.4,168
10500.0,2013.0,mitsubishi,outlander,4.0,gas,89831.0,clean,automatic,SUV,2.4,168
10925.0,2013.0,mitsubishi,outlander,4.0,gas,98765.0,clean,automatic,SUV,2.4,168
6800.0,2013.0,mitsubishi,outlander,4.0,gas,125100.0,clean,automatic,SUV,2.4,168
7497.0,2013.0,mitsubishi,outlander,4.0,gas,129818.0,clean,automatic,SUV,2.4,168
11999.0,2013.0,mitsubishi,outlander,4.0,gas,63986.0,clean,automatic,SUV,2.4,168
7000.0,2013.0,mitsubishi,outlander,6.0,gas,118000.0,clean,automatic,SUV,3.0,230
6900.0,2013.0,mitsubishi,outlander,4.0,gas,118000.0,clean,automatic,SUV,2.4,168
6499.0,2013.0,mitsubishi,outlander,4.0,gas,137697.0,clean,automatic,SUV,2.4,168
5995.0,2013.0,mitsubishi,outlander,4.0,gas,110990.0,clean,automatic,SUV,2.4,168
5450.0,2013.0,mitsubishi,outlander,4.0,gas,200000.0,clean,automatic,SUV,2.4,168
7450.0,2014.0,mitsubishi,outlander,4.0,gas,129021.0,clean,automatic,SUV,2.4,166
8498.0,2014.0,mitsubishi,outlander,4.0,gas,91525.0,clean,automatic,SUV,2.4,166
6995.0,2014.0,mitsubishi,outlander,4.0,gas,99668.0,clean,manual,SUV,2.4,166
8991.0,2014.0,mitsubishi,outlander,4.0,gas,87101.0,clean,automatic,SUV,2.4,166
10991.0,2014.0,mitsubishi,outlander,4.0,gas,64042.0,clean,automatic,SUV,2.4,166
6995.0,2014.0,mitsubishi,outlander,4.0,gas,188080.0,clean,automatic,SUV,2.4,166
12600.0,2014.0,mitsubishi,outlander,4.0,gas,53264.0,clean,automatic,SUV,2.4,166
9999.0,2014.0,mitsubishi,outlander,4.0,gas,98656.0,clean,automatic,SUV,2.4,166
10495.0,2014.0,mitsubishi,outlander,4.0,gas,96343.0,clean,automatic,SUV,2.4,166
8995.0,2014.0,mitsubishi,outlander,4.0,gas,130618.0,clean,automatic,SUV,2.4,166
2800.0,2014.0,mitsubishi,outlander,4.0,gas,126000.0,clean,automatic,SUV,2.4,166
13499.0,2014.0,mitsubishi,outlander,4.0,gas,93968.0,clean,automatic,SUV,2.4,166
11299.0,2014.0,mitsubishi,outlander,4.0,gas,91826.0,clean,automatic,SUV,2.4,166
10500.0,2014.0,mitsubishi,outlander,6.0,gas,98000.0,clean,automatic,SUV,3.0,224
11299.0,2014.0,mitsubishi,outlander,4.0,gas,91826.0,clean,automatic,SUV,2.4,166
11449.0,2014.0,mitsubishi,outlander,6.0,gas,108628.0,clean,automatic,SUV,3.0,224
7495.0,2014.0,mitsubishi,outlander,4.0,gas,133602.0,clean,automatic,SUV,2.4,166
7495.0,2014.0,mitsubishi,outlander,4.0,gas,135017.0,clean,automatic,SUV,2.4,166
9800.0,2014.0,mitsubishi,outlander,4.0,gas,107646.0,clean,automatic,SUV,2.4,166
7900.0,2014.0,mitsubishi,outlander,4.0,gas,113100.0,clean,automatic,SUV,2.4,166
11995.0,2014.0,mitsubishi,outlander,4.0,gas,61571.0,clean,automatic,SUV,2.4,166
8995.0,2014.0,mitsubishi,outlander,4.0,gas,92000.0,clean,automatic,SUV,2.4,166
8495.0,2014.0,mitsubishi,outlander,4.0,gas,92000.0,clean,automatic,SUV,2.4,166
16788.0,2014.0,mitsubishi,outlander,4.0,gas,32170.0,clean,automatic,SUV,2.4,166
3999.0,2014.0,mitsubishi,outlander,4.0,gas,229000.0,clean,automatic,SUV,2.4,166
3100.0,2014.0,mitsubishi,outlander,4.0,gas,131924.0,clean,automatic,SUV,2.4,166
9995.0,2014.0,mitsubishi,outlander,6.0,gas,122000.0,clean,automatic,SUV,3.0,224
9770.0,2014.0,mitsubishi,outlander,4.0,gas,98519.0,clean,automatic,SUV,2.4,166
9950.0,2014.0,mitsubishi,outlander,4.0,gas,112535.0,clean,automatic,SUV,2.4,166
9000.0,2014.0,mitsubishi,outlander,4.0,gas,137477.0,clean,automatic,SUV,2.4,166
13650.0,2014.0,mitsubishi,outlander,6.0,gas,117834.0,clean,automatic,SUV,3.0,224
7250.0,2014.0,mitsubishi,outlander,4.0,gas,106000.0,clean,automatic,SUV,2.4,166
4400.0,2014.0,mitsubishi,outlander,4.0,gas,106000.0,clean,automatic,SUV,2.4,166
10125.0,2014.0,mitsubishi,outlander,4.0,gas,93065.0,clean,automatic,SUV,2.4,166
10125.0,2014.0,mitsubishi,outlander,4.0,gas,93065.0,clean,automatic,SUV,2.4,166
13489.0,2014.0,mitsubishi,outlander,6.0,gas,81077.0,clean,automatic,SUV,3.0,224
9500.0,2014.0,mitsubishi,outlander,4.0,gas,93000.0,clean,automatic,SUV,2.4,166
15590.0,2015.0,mitsubishi,outlander,4.0,gas,30811.0,clean,automatic,SUV,2.4,166
15293.0,2015.0,mitsubishi,outlander,4.0,gas,36646.0,clean,automatic,SUV,2.4,166
14133.0,2015.0,mitsubishi,outlander,4.0,gas,48039.0,clean,automatic,SUV,2.4,166
17990.0,2015.0,mitsubishi,outlander,6.0,gas,59014.0,clean,automatic,SUV,3.0,224
8999.0,2015.0,mitsubishi,outlander,4.0,gas,108179.0,clean,automatic,SUV,2.4,166
12995.0,2015.0,mitsubishi,outlander,4.0,gas,53089.0,clean,automatic,SUV,2.4,166
16590.0,2015.0,mitsubishi,outlander,4.0,gas,61807.0,clean,automatic,SUV,2.4,166
18590.0,2015.0,mitsubishi,outlander,4.0,gas,26259.0,clean,automatic,SUV,2.4,166
12991.0,2015.0,mitsubishi,outlander,4.0,gas,55013.0,clean,automatic,SUV,2.4,166
13988.0,2015.0,mitsubishi,outlander,4.0,gas,85211.0,clean,automatic,SUV,2.4,166
13990.0,2015.0,mitsubishi,outlander,4.0,gas,72146.0,clean,automatic,SUV,2.4,166
15435.0,2015.0,mitsubishi,outlander,4.0,gas,36316.0,clean,automatic,SUV,2.4,166
12800.0,2015.0,mitsubishi,outlander,4.0,gas,76599.0,clean,automatic,SUV,2.4,166
12890.0,2015.0,mitsubishi,outlander,4.0,gas,76599.0,clean,automatic,SUV,2.4,166
16200.0,2015.0,mitsubishi,outlander,4.0,gas,33530.0,clean,automatic,SUV,2.4,166
9485.0,2015.0,mitsubishi,outlander,4.0,gas,132314.0,clean,automatic,SUV,2.4,166
9950.0,2015.0,mitsubishi,outlander,4.0,gas,109360.0,clean,automatic,SUV,2.4,166
8250.0,2015.0,mitsubishi,outlander,4.0,gas,73165.0,clean,manual,SUV,2.4,166
14997.0,2015.0,mitsubishi,outlander,4.0,gas,37229.0,clean,automatic,SUV,2.4,166
10395.0,2015.0,mitsubishi,outlander,4.0,gas,110598.0,clean,automatic,SUV,2.4,166
11995.0,2015.0,mitsubishi,outlander,4.0,gas,92330.0,clean,automatic,SUV,2.4,166
13995.0,2015.0,mitsubishi,outlander,4.0,gas,12260.0,clean,automatic,SUV,2.4,166
14995.0,2015.0,mitsubishi,outlander,4.0,gas,9374.0,clean,automatic,SUV,2.4,166
13499.0,2015.0,mitsubishi,outlander,4.0,gas,44120.0,clean,automatic,SUV,2.4,166
10500.0,2015.0,mitsubishi,outlander,4.0,gas,92162.0,clean,automatic,SUV,2.4,166
10750.0,2015.0,mitsubishi,outlander,4.0,gas,92162.0,clean,automatic,SUV,2.4,166
8500.0,2015.0,mitsubishi,outlander,4.0,gas,130000.0,clean,automatic,SUV,2.4,166
8985.0,2015.0,mitsubishi,outlander,4.0,gas,98754.0,clean,automatic,SUV,2.4,166
9499.0,2015.0,mitsubishi,outlander,4.0,gas,96139.0,clean,automatic,SUV,2.4,166
12900.0,2015.0,mitsubishi,outlander,4.0,gas,63542.0,clean,automatic,SUV,2.4,166
7700.0,2015.0,mitsubishi,outlander,4.0,gas,34000.0,rebuilt,automatic,SUV,2.4,166
11500.0,2015.0,mitsubishi,outlander,4.0,gas,69318.0,clean,automatic,SUV,2.4,166
13795.0,2015.0,mitsubishi,outlander,4.0,gas,84483.0,clean,automatic,SUV,2.4,166
10500.0,2015.0,mitsubishi,outlander,4.0,gas,97800.0,clean,automatic,SUV,2.4,166
10750.0,2015.0,mitsubishi,outlander,4.0,gas,96069.0,clean,automatic,SUV,2.4,166
11999.0,2015.0,mitsubishi,outlander,4.0,gas,86000.0,clean,automatic,SUV,2.4,166
11995.0,2015.0,mitsubishi,outlander,4.0,gas,86000.0,clean,automatic,SUV,2.4,166
10055.0,2015.0,mitsubishi,outlander,4.0,gas,106003.0,clean,automatic,SUV,2.4,166
13995.0,2015.0,mitsubishi,outlander,4.0,gas,86430.0,clean,automatic,SUV,2.4,166
8950.0,2015.0,mitsubishi,outlander,4.0,gas,93715.0,clean,automatic,SUV,2.4,166
9977.0,2015.0,mitsubishi,outlander,4.0,gas,93715.0,clean,automatic,SUV,2.4,166
10900.0,2015.0,mitsubishi,outlander,4.0,gas,42415.0,clean,automatic,SUV,2.4,166
14500.0,2015.0,mitsubishi,outlander,4.0,gas,6997.0,clean,automatic,SUV,2.4,166
13999.0,2015.0,mitsubishi,outlander,4.0,gas,73756.0,clean,automatic,SUV,2.4,166
8500.0,2015.0,mitsubishi,outlander,4.0,gas,150000.0,clean,automatic,SUV,2.4,166
9500.0,2015.0,mitsubishi,outlander,4.0,gas,82000.0,rebuilt,automatic,SUV,2.4,166
11900.0,2015.0,mitsubishi,outlander,4.0,gas,52000.0,clean,automatic,SUV,2.4,166
15000.0,2015.0,mitsubishi,outlander,4.0,gas,43476.0,clean,automatic,SUV,2.4,166
11893.0,2015.0,mitsubishi,outlander,4.0,gas,101201.0,clean,automatic,SUV,2.4,166
11893.0,2015.0,mitsubishi,outlander,4.0,gas,101201.0,clean,automatic,SUV,2.4,166
8800.0,2015.0,mitsubishi,outlander,4.0,gas,65000.0,rebuilt,automatic,SUV,2.4,166
9575.0,2015.0,mitsubishi,outlander,4.0,gas,130000.0,clean,automatic,SUV,2.4,166
8500.0,2015.0,mitsubishi,outlander,4.0,gas,138999.0,clean,automatic,SUV,2.4,166
11595.0,2015.0,mitsubishi,outlander,4.0,gas,78972.0,clean,automatic,SUV,2.4,166
10700.0,2015.0,mitsubishi,outlander,4.0,gas,74605.0,clean,automatic,SUV,2.4,166
9700.0,2015.0,mitsubishi,outlander,4.0,gas,74605.0,clean,automatic,SUV,2.4,166
14999.0,2015.0,mitsubishi,outlander,4.0,gas,65271.0,clean,automatic,SUV,2.4,166
12577.0,2016.0,mitsubishi,outlander,4.0,gas,114878.0,clean,automatic,SUV,2.4,166
12598.0,2016.0,mitsubishi,outlander,4.0,gas,76888.0,clean,automatic,SUV,2.4,166
15990.0,2016.0,mitsubishi,outlander,4.0,gas,34018.0,clean,automatic,SUV,2.4,166
11999.0,2016.0,mitsubishi,outlander,4.0,gas,94750.0,clean,automatic,SUV,2.4,166
13500.0,2016.0,mitsubishi,outlander,4.0,gas,79000.0,clean,automatic,SUV,2.4,166
11000.0,2016.0,mitsubishi,outlander,4.0,gas,91256.0,clean,automatic,SUV,2.4,166
13500.0,2016.0,mitsubishi,outlander,4.0,gas,79000.0,clean,automatic,SUV,2.4,166
16590.0,2016.0,mitsubishi,outlander,4.0,gas,63727.0,clean,automatic,SUV,2.4,166
18590.0,2016.0,mitsubishi,outlander,4.0,gas,29430.0,clean,automatic,SUV,2.4,166
7995.0,2016.0,mitsubishi,outlander,4.0,gas,154099.0,clean,automatic,SUV,2.4,166
16800.0,2016.0,mitsubishi,outlander,4.0,gas,58100.0,clean,automatic,SUV,2.4,166
10000.0,2016.0,mitsubishi,outlander,4.0,gas,96000.0,clean,automatic,SUV,2.4,166
11993.0,2016.0,mitsubishi,outlander,4.0,gas,60006.0,clean,automatic,SUV,2.4,166
15990.0,2016.0,mitsubishi,outlander,4.0,gas,11490.0,clean,automatic,SUV,2.4,166
12300.0,2016.0,mitsubishi,outlander,4.0,gas,107071.0,clean,automatic,SUV,2.4,166
17430.0,2016.0,mitsubishi,outlander,4.0,gas,61159.0,clean,automatic,SUV,2.4,166
12850.0,2016.0,mitsubishi,outlander,4.0,gas,58500.0,clean,automatic,SUV,2.4,166
11900.0,2016.0,mitsubishi,outlander,4.0,gas,60356.0,clean,automatic,SUV,2.4,166
17999.0,2016.0,mitsubishi,outlander,6.0,gas,41000.0,clean,automatic,SUV,3.0,224
16997.0,2016.0,mitsubishi,outlander,4.0,gas,73345.0,clean,automatic,SUV,2.4,166
14949.0,2016.0,mitsubishi,outlander,4.0,gas,63273.0,clean,automatic,SUV,2.4,166
7500.0,2016.0,mitsubishi,outlander,4.0,gas,119000.0,clean,automatic,SUV,2.4,166
13995.0,2016.0,mitsubishi,outlander,4.0,gas,37090.0,clean,automatic,SUV,2.4,166
12995.0,2016.0,mitsubishi,outlander,4.0,gas,94627.0,clean,automatic,SUV,2.4,166
17800.0,2016.0,mitsubishi,outlander,4.0,gas,46435.0,clean,automatic,SUV,2.4,166
13999.0,2016.0,mitsubishi,outlander,4.0,gas,35813.0,clean,manual,SUV,2.4,166
8990.0,2016.0,mitsubishi,outlander,4.0,gas,187840.0,clean,automatic,SUV,2.4,166
14610.0,2016.0,mitsubishi,outlander,4.0,gas,80235.0,clean,automatic,SUV,2.4,166
14610.0,2016.0,mitsubishi,outlander,4.0,gas,14610.0,clean,automatic,SUV,2.4,166
18590.0,2017.0,mitsubishi,outlander,4.0,gas,18994.0,clean,automatic,SUV,2.4,166
20990.0,2017.0,mitsubishi,outlander,6.0,gas,53761.0,clean,automatic,SUV,3.0,224
15995.0,2017.0,mitsubishi,outlander,4.0,gas,57905.0,clean,automatic,SUV,2.4,166
8400.0,2017.0,mitsubishi,outlander,4.0,gas,143120.0,clean,automatic,SUV,2.4,166
17590.0,2017.0,mitsubishi,outlander,4.0,gas,62193.0,clean,automatic,SUV,2.4,166
10495.0,2017.0,mitsubishi,outlander,4.0,gas,154454.0,clean,automatic,SUV,2.4,166
20990.0,2017.0,mitsubishi,outlander,6.0,gas,53761.0,clean,automatic,SUV,3.0,224
11995.0,2017.0,mitsubishi,outlander,4.0,gas,127827.0,clean,automatic,SUV,2.4,166
18990.0,2017.0,mitsubishi,outlander,4.0,gas,24194.0,clean,automatic,SUV,2.4,166
8400.0,2017.0,mitsubishi,outlander,4.0,gas,147258.0,clean,automatic,SUV,2.4,166
14588.0,2017.0,mitsubishi,outlander,4.0,gas,75300.0,clean,automatic,SUV,2.4,166
15990.0,2017.0,mitsubishi,outlander,4.0,gas,43159.0,clean,automatic,SUV,2.4,166
17990.0,2017.0,mitsubishi,outlander,4.0,gas,28159.0,clean,automatic,SUV,2.4,166
15288.0,2017.0,mitsubishi,outlander,4.0,gas,75021.0,clean,automatic,SUV,2.4,166
10995.0,2017.0,mitsubishi,outlander,4.0,gas,127827.0,clean,automatic,SUV,2.4,166
16990.0,2017.0,mitsubishi,outlander,4.0,gas,63436.0,clean,automatic,SUV,2.4,166
14997.0,2017.0,mitsubishi,outlander,4.0,gas,31994.0,clean,automatic,SUV,2.4,166
15499.0,2017.0,mitsubishi,outlander,4.0,gas,53959.0,clean,automatic,SUV,2.4,166
18990.0,2017.0,mitsubishi,outlander,4.0,gas,23117.0,clean,automatic,SUV,2.4,166
19590.0,2017.0,mitsubishi,outlander,4.0,gas,50473.0,clean,automatic,SUV,2.4,166
15879.0,2017.0,mitsubishi,outlander,4.0,gas,25538.0,clean,automatic,SUV,2.4,166
8200.0,2017.0,mitsubishi,outlander,4.0,gas,51500.0,rebuilt,automatic,SUV,2.4,166
17950.0,2017.0,mitsubishi,outlander,4.0,gas,28087.0,clean,automatic,SUV,2.4,166
14995.0,2017.0,mitsubishi,outlander,4.0,gas,42130.0,clean,automatic,SUV,2.4,166
16590.0,2017.0,mitsubishi,outlander,4.0,gas,53922.0,clean,automatic,SUV,2.4,166
12991.0,2017.0,mitsubishi,outlander,4.0,gas,44977.0,clean,automatic,SUV,2.4,166
19900.0,2017.0,mitsubishi,outlander,4.0,gas,18000.0,clean,automatic,SUV,2.4,166
17990.0,2017.0,mitsubishi,outlander,4.0,gas,22714.0,clean,automatic,SUV,2.4,166
21900.0,2017.0,mitsubishi,outlander,4.0,gas,27949.0,clean,automatic,SUV,2.4,166
12777.0,2017.0,mitsubishi,outlander,4.0,gas,33486.0,clean,automatic,SUV,2.4,166
13990.0,2017.0,mitsubishi,outlander,4.0,gas,89367.0,clean,automatic,SUV,2.4,166
8400.0,2017.0,mitsubishi,outlander,4.0,gas,142953.0,clean,automatic,SUV,2.4,166
12995.0,2017.0,mitsubishi,outlander,4.0,gas,60521.0,clean,automatic,SUV,2.4,166
13999.0,2017.0,mitsubishi,outlander,4.0,gas,69300.0,clean,automatic,SUV,2.4,166
12900.0,2017.0,mitsubishi,outlander,4.0,gas,54307.0,clean,automatic,SUV,2.4,166
18990.0,2017.0,mitsubishi,outlander,4.0,gas,56525.0,clean,automatic,SUV,2.4,166
23590.0,2017.0,mitsubishi,outlander,4.0,gas,12800.0,clean,automatic,SUV,2.4,166
17990.0,2017.0,mitsubishi,outlander,4.0,gas,50652.0,clean,automatic,SUV,2.4,166
13300.0,2017.0,mitsubishi,outlander,4.0,gas,68978.0,clean,automatic,SUV,2.4,166
11995.0,2017.0,mitsubishi,outlander,4.0,gas,74241.0,clean,automatic,SUV,2.4,166
14499.0,2017.0,mitsubishi,outlander,4.0,gas,31473.0,clean,automatic,SUV,2.4,166
17990.0,2017.0,mitsubishi,outlander,4.0,gas,66184.0,clean,automatic,SUV,2.4,166
15990.0,2017.0,mitsubishi,outlander,4.0,gas,37334.0,clean,automatic,SUV,2.4,166
14904.0,2017.0,mitsubishi,outlander,4.0,gas,102115.0,clean,automatic,SUV,2.4,166
21590.0,2017.0,mitsubishi,outlander,4.0,gas,12903.0,clean,automatic,SUV,2.4,166
17999.0,2017.0,mitsubishi,outlander,4.0,gas,56600.0,clean,automatic,SUV,2.4,166
16998.0,2017.0,mitsubishi,outlander,4.0,gas,50307.0,clean,automatic,SUV,2.4,166
15998.0,2017.0,mitsubishi,outlander,4.0,gas,24569.0,clean,automatic,SUV,2.4,166
14888.0,2017.0,mitsubishi,outlander,4.0,gas,87575.0,clean,automatic,SUV,2.4,166
22999.0,2017.0,mitsubishi,outlander,6.0,gas,23474.0,clean,automatic,SUV,3.0,224
13980.0,2017.0,mitsubishi,outlander,4.0,gas,96732.0,clean,automatic,SUV,2.4,166
10500.0,2017.0,mitsubishi,outlander,4.0,gas,136902.0,clean,automatic,SUV,2.4,166
23590.0,2018.0,mitsubishi,outlander,4.0,gas,48933.0,clean,automatic,SUV,2.4,166
25590.0,2018.0,mitsubishi,outlander,4.0,gas,25384.0,clean,automatic,SUV,2.4,166
25990.0,2018.0,mitsubishi,outlander,4.0,hybrid,13938.0,clean,automatic,SUV,2.0,117
22590.0,2018.0,mitsubishi,outlander,4.0,gas,21574.0,clean,automatic,SUV,2.4,166
27990.0,2018.0,mitsubishi,outlander,4.0,hybrid,18349.0,clean,automatic,SUV,2.0,117
24990.0,2018.0,mitsubishi,outlander,4.0,hybrid,20957.0,clean,automatic,SUV,2.0,117
20990.0,2018.0,mitsubishi,outlander,4.0,gas,26847.0,clean,automatic,SUV,2.4,166
21590.0,2018.0,mitsubishi,outlander,4.0,gas,44422.0,clean,automatic,SUV,2.4,166
19990.0,2018.0,mitsubishi,outlander,4.0,gas,15207.0,clean,automatic,SUV,2.4,166
20990.0,2018.0,mitsubishi,outlander,4.0,gas,36773.0,clean,automatic,SUV,2.4,166
17985.0,2018.0,mitsubishi,outlander,4.0,gas,34857.0,clean,automatic,SUV,2.4,166
24590.0,2018.0,mitsubishi,outlander,4.0,hybrid,20957.0,clean,automatic,SUV,2.0,117
19990.0,2018.0,mitsubishi,outlander,4.0,gas,49231.0,clean,automatic,SUV,2.4,166
15500.0,2018.0,mitsubishi,outlander,4.0,gas,59200.0,clean,automatic,SUV,2.4,166
17990.0,2018.0,mitsubishi,outlander,4.0,gas,22649.0,clean,automatic,SUV,2.4,166
18500.0,2018.0,mitsubishi,outlander,4.0,gas,45394.0,clean,automatic,SUV,2.4,166
15499.0,2018.0,mitsubishi,outlander,4.0,gas,50588.0,clean,automatic,SUV,2.4,166
15499.0,2018.0,mitsubishi,outlander,4.0,gas,50588.0,clean,automatic,SUV,2.4,166
23599.0,2018.0,mitsubishi,outlander,4.0,gas,22398.0,clean,automatic,SUV,2.4,166
14599.0,2018.0,mitsubishi,outlander,4.0,gas,53427.0,clean,automatic,SUV,2.4,166
23992.0,2018.0,mitsubishi,outlander,4.0,gas,17175.0,clean,automatic,SUV,2.4,166
16199.0,2018.0,mitsubishi,outlander,4.0,gas,29240.0,clean,automatic,SUV,2.4,166
25590.0,2018.0,mitsubishi,outlander,4.0,gas,16495.0,clean,automatic,SUV,2.4,166
21590.0,2018.0,mitsubishi,outlander,4.0,gas,46574.0,clean,automatic,SUV,2.4,166
23990.0,2018.0,mitsubishi,outlander,4.0,gas,28215.0,clean,automatic,SUV,2.4,166
16246.0,2018.0,mitsubishi,outlander,4.0,gas,24410.0,clean,automatic,SUV,2.4,166
20500.0,2018.0,mitsubishi,outlander,4.0,hybrid,48000.0,clean,automatic,SUV,2.0,117
15990.0,2018.0,mitsubishi,outlander,4.0,gas,37077.0,clean,manual,SUV,2.4,166
15740.0,2018.0,mitsubishi,outlander,4.0,gas,42403.0,clean,automatic,SUV,2.4,166
18590.0,2018.0,mitsubishi,outlander,4.0,gas,21311.0,clean,automatic,SUV,2.4,166
15988.0,2018.0,mitsubishi,outlander,4.0,gas,93034.0,clean,automatic,SUV,2.4,166
20995.0,2018.0,mitsubishi,outlander,4.0,gas,40725.0,clean,automatic,SUV,2.4,166
23590.0,2018.0,mitsubishi,outlander,4.0,gas,48933.0,clean,automatic,SUV,2.4,166
19595.0,2018.0,mitsubishi,outlander,4.0,gas,22175.0,clean,automatic,SUV,2.4,166
15995.0,2018.0,mitsubishi,outlander,4.0,gas,53660.0,clean,automatic,SUV,2.4,166
17488.0,2018.0,mitsubishi,outlander,4.0,gas,53660.0,clean,automatic,SUV,2.4,166
21590.0,2018.0,mitsubishi,outlander,4.0,hybrid,37905.0,clean,automatic,SUV,2.0,117
15995.0,2018.0,mitsubishi,outlander,4.0,gas,25743.0,clean,automatic,SUV,2.4,166
18500.0,2018.0,mitsubishi,outlander,4.0,gas,13650.0,clean,automatic,SUV,2.4,166
25590.0,2018.0,mitsubishi,outlander,4.0,gas,16495.0,clean,automatic,SUV,2.4,166
19990.0,2018.0,mitsubishi,outlander,4.0,gas,29925.0,clean,automatic,SUV,2.4,166
17990.0,2018.0,mitsubishi,outlander,4.0,gas,29287.0,clean,automatic,SUV,2.4,166
17990.0,2018.0,mitsubishi,outlander,4.0,gas,31138.0,clean,automatic,SUV,2.4,166
17971.0,2018.0,mitsubishi,outlander,4.0,gas,86433.0,clean,automatic,SUV,2.4,166
23631.0,2018.0,mitsubishi,outlander,4.0,gas,16279.0,clean,automatic,SUV,2.4,166
26590.0,2018.0,mitsubishi,outlander,4.0,hybrid,22289.0,clean,automatic,SUV,2.0,117
21590.0,2018.0,mitsubishi,outlander,6.0,gas,65208.0,clean,automatic,SUV,3.0,224
13650.0,2018.0,mitsubishi,outlander,4.0,gas,79923.0,clean,automatic,SUV,2.4,166
17999.0,2018.0,mitsubishi,outlander,4.0,gas,36495.0,clean,automatic,SUV,2.4,166
25990.0,2018.0,mitsubishi,outlander,4.0,hybrid,15619.0,clean,automatic,SUV,2.0,117
22900.0,2018.0,mitsubishi,outlander,4.0,hybrid,21291.0,clean,automatic,SUV,2.0,117
13500.0,2018.0,mitsubishi,outlander,4.0,gas,16750.0,clean,automatic,SUV,2.4,166
13295.0,2018.0,mitsubishi,outlander,4.0,gas,42291.0,clean,automatic,SUV,2.4,166
15590.0,2018.0,mitsubishi,outlander,4.0,gas,66035.0,clean,automatic,SUV,2.4,166
19990.0,2018.0,mitsubishi,outlander,4.0,gas,25641.0,clean,automatic,SUV,2.4,166
16995.0,2018.0,mitsubishi,outlander,4.0,gas,14951.0,clean,automatic,SUV,2.4,166
25590.0,2018.0,mitsubishi,outlander,4.0,gas,25384.0,clean,automatic,SUV,2.4,166
25590.0,2018.0,mitsubishi,outlander,4.0,gas,21077.0,clean,automatic,SUV,2.4,166
16995.0,2018.0,mitsubishi,outlander,4.0,gas,63621.0,clean,automatic,SUV,2.4,166
16977.0,2018.0,mitsubishi,outlander,4.0,gas,63621.0,clean,automatic,SUV,2.4,166
17990.0,2018.0,mitsubishi,outlander,4.0,gas,33550.0,clean,automatic,SUV,2.4,166
15700.0,2018.0,mitsubishi,outlander,4.0,gas,44198.0,clean,automatic,SUV,2.4,166
15598.0,2018.0,mitsubishi,outlander,4.0,gas,48840.0,clean,automatic,SUV,2.4,166
17719.0,2018.0,mitsubishi,outlander,4.0,gas,29450.0,clean,automatic,SUV,2.4,166
14599.0,2018.0,mitsubishi,outlander,4.0,gas,95392.0,clean,automatic,SUV,2.4,166
13995.0,2018.0,mitsubishi,outlander,4.0,gas,70153.0,clean,automatic,SUV,2.4,166
16995.0,2018.0,mitsubishi,outlander,4.0,gas,25655.0,clean,automatic,SUV,2.4,166
17995.0,2018.0,mitsubishi,outlander,4.0,gas,71075.0,clean,automatic,SUV,2.4,166
17495.0,2018.0,mitsubishi,outlander,4.0,gas,50718.0,clean,automatic,SUV,2.4,166
18991.0,2018.0,mitsubishi,outlander,4.0,gas,13573.0,clean,automatic,SUV,2.4,166
15995.0,2018.0,mitsubishi,outlander,4.0,gas,25743.0,clean,automatic,SUV,2.4,166
17995.0,2018.0,mitsubishi,outlander,4.0,gas,34111.0,clean,automatic,SUV,2.4,166
15999.0,2018.0,mitsubishi,outlander,4.0,gas,59435.0,clean,automatic,SUV,2.4,166
19732.0,2018.0,mitsubishi,outlander,4.0,gas,43411.0,clean,automatic,SUV,2.4,166
15981.0,2018.0,mitsubishi,outlander,4.0,gas,79161.0,clean,automatic,SUV,2.4,166
18999.0,2018.0,mitsubishi,outlander,4.0,gas,76935.0,clean,automatic,SUV,2.4,166
17990.0,2018.0,mitsubishi,outlander,4.0,gas,49581.0,clean,automatic,SUV,2.4,166
23990.0,2019.0,mitsubishi,outlander,6.0,gas,20657.0,clean,automatic,SUV,3.0,224
19999.0,2019.0,mitsubishi,outlander,4.0,gas,32000.0,clean,automatic,SUV,2.4,166
17995.0,2019.0,mitsubishi,outlander,4.0,gas,41828.0,clean,automatic,SUV,2.4,166
19500.0,2019.0,mitsubishi,outlander,4.0,gas,38200.0,clean,automatic,SUV,2.4,166
21590.0,2019.0,mitsubishi,outlander,4.0,gas,20717.0,clean,automatic,SUV,2.4,166
18590.0,2019.0,mitsubishi,outlander,4.0,gas,30790.0,clean,automatic,SUV,2.4,166
19990.0,2019.0,mitsubishi,outlander,4.0,gas,35819.0,clean,automatic,SUV,2.4,166
16150.0,2019.0,mitsubishi,outlander,4.0,gas,24185.0,clean,automatic,SUV,2.4,166
23996.0,2019.0,mitsubishi,outlander,4.0,gas,16136.0,clean,automatic,SUV,2.4,166
18990.0,2019.0,mitsubishi,outlander,4.0,gas,48359.0,clean,automatic,SUV,2.4,166
18990.0,2019.0,mitsubishi,outlander,4.0,gas,48359.0,clean,automatic,SUV,2.4,166
19990.0,2019.0,mitsubishi,outlander,4.0,gas,47030.0,clean,automatic,SUV,2.4,166
20590.0,2019.0,mitsubishi,outlander,4.0,gas,6163.0,clean,automatic,SUV,2.4,166
19590.0,2019.0,mitsubishi,outlander,4.0,gas,30249.0,clean,automatic,SUV,2.4,166
27990.0,2019.0,mitsubishi,outlander,4.0,hybrid,12378.0,clean,automatic,SUV,2.0,117
21590.0,2019.0,mitsubishi,outlander,4.0,gas,6220.0,clean,automatic,SUV,2.4,166
18990.0,2019.0,mitsubishi,outlander,4.0,gas,15563.0,clean,automatic,SUV,2.4,166
19990.0,2019.0,mitsubishi,outlander,4.0,gas,5626.0,clean,automatic,SUV,2.4,166
18590.0,2019.0,mitsubishi,outlander,4.0,gas,30819.0,clean,automatic,SUV,2.4,166
24999.0,2019.0,mitsubishi,outlander,6.0,gas,23409.0,clean,automatic,SUV,3.0,224
21990.0,2019.0,mitsubishi,outlander,4.0,gas,43562.0,clean,automatic,SUV,2.4,166
20590.0,2019.0,mitsubishi,outlander,4.0,gas,31170.0,clean,automatic,SUV,2.4,166
19990.0,2019.0,mitsubishi,outlander,4.0,gas,12820.0,clean,automatic,SUV,2.4,166
14900.0,2019.0,mitsubishi,outlander,4.0,gas,5000.0,clean,automatic,SUV,2.4,166
26995.0,2019.0,mitsubishi,outlander,4.0,gas,10230.0,clean,automatic,SUV,2.4,166
19990.0,2019.0,mitsubishi,outlander,4.0,gas,33527.0,clean,automatic,SUV,2.4,166
15449.0,2019.0,mitsubishi,outlander,4.0,gas,76670.0,clean,automatic,SUV,2.4,166
19598.0,2019.0,mitsubishi,outlander,4.0,gas,34460.0,clean,automatic,SUV,2.4,166
22495.0,2019.0,mitsubishi,outlander,4.0,gas,28558.0,clean,automatic,SUV,2.4,166
19988.0,2019.0,mitsubishi,outlander,4.0,gas,51511.0,clean,automatic,SUV,2.4,166
18990.0,2019.0,mitsubishi,outlander,4.0,gas,25363.0,clean,automatic,SUV,2.4,166
20590.0,2019.0,mitsubishi,outlander,4.0,gas,19576.0,clean,automatic,SUV,2.4,166
19995.0,2019.0,mitsubishi,outlander,6.0,gas,35000.0,clean,automatic,SUV,3.0,224
19988.0,2019.0,mitsubishi,outlander,4.0,gas,16550.0,clean,automatic,SUV,2.4,166
21590.0,2019.0,mitsubishi,outlander,4.0,gas,10844.0,clean,automatic,SUV,2.4,166
22590.0,2019.0,mitsubishi,outlander,4.0,gas,8577.0,clean,automatic,SUV,2.4,166
19000.0,2019.0,mitsubishi,outlander,4.0,gas,22301.0,clean,automatic,SUV,2.4,166
19000.0,2019.0,mitsubishi,outlander,4.0,gas,22301.0,clean,automatic,SUV,2.4,166
19990.0,2019.0,mitsubishi,outlander,4.0,gas,22243.0,clean,automatic,SUV,2.4,166
19990.0,2019.0,mitsubishi,outlander,4.0,gas,7622.0,clean,automatic,SUV,2.4,166
18990.0,2019.0,mitsubishi,outlander,4.0,gas,17136.0,clean,automatic,SUV,2.4,166
15488.0,2019.0,mitsubishi,outlander,4.0,gas,84426.0,clean,automatic,SUV,2.4,166
19995.0,2019.0,mitsubishi,outlander,4.0,gas,6939.0,clean,automatic,SUV,2.4,166
16495.0,2019.0,mitsubishi,outlander,4.0,gas,5341.0,clean,automatic,SUV,2.4,166
17995.0,2019.0,mitsubishi,outlander,4.0,gas,16660.0,clean,automatic,SUV,2.4,166
18591.0,2019.0,mitsubishi,outlander,4.0,gas,38120.0,clean,automatic,SUV,2.4,166
14995.0,2019.0,mitsubishi,outlander,4.0,gas,60182.0,clean,automatic,SUV,2.4,166
18997.0,2019.0,mitsubishi,outlander,4.0,gas,13824.0,clean,automatic,SUV,2.4,166
22990.0,2019.0,mitsubishi,outlander,4.0,gas,36357.0,clean,automatic,SUV,2.4,166
15987.0,2019.0,mitsubishi,outlander,4.0,gas,46812.0,clean,automatic,SUV,2.4,166
21995.0,2019.0,mitsubishi,outlander,4.0,gas,27849.0,clean,automatic,SUV,2.4,166
19990.0,2019.0,mitsubishi,outlander,4.0,gas,42903.0,clean,automatic,SUV,2.4,166
16999.0,2019.0,mitsubishi,outlander,4.0,gas,46952.0,clean,automatic,SUV,2.4,166
18590.0,2019.0,mitsubishi,outlander,4.0,gas,43988.0,clean,automatic,SUV,2.4,166
17995.0,2019.0,mitsubishi,outlander,4.0,gas,88569.0,clean,automatic,SUV,2.4,166
18988.0,2019.0,mitsubishi,outlander,4.0,gas,60098.0,clean,automatic,SUV,2.4,166
16991.0,2019.0,mitsubishi,outlander,4.0,gas,30265.0,clean,automatic,SUV,2.4,166
18990.0,2019.0,mitsubishi,outlander,4.0,gas,44127.0,clean,automatic,SUV,2.4,166
19990.0,2020.0,mitsubishi,outlander,4.0,gas,11103.0,clean,automatic,SUV,2.4,166
17990.0,2020.0,mitsubishi,outlander,4.0,gas,16631.0,clean,automatic,SUV,2.4,166
24990.0,2020.0,mitsubishi,outlander,4.0,gas,28945.0,clean,automatic,SUV,2.4,166
21990.0,2020.0,mitsubishi,outlander,4.0,gas,3553.0,clean,automatic,SUV,2.4,166
21990.0,2020.0,mitsubishi,outlander,4.0,gas,19118.0,clean,automatic,SUV,2.4,166
22498.0,2020.0,mitsubishi,outlander,4.0,gas,10912.0,clean,automatic,SUV,2.4,166
21590.0,2020.0,mitsubishi,outlander,4.0,gas,17853.0,clean,automatic,SUV,2.4,166
21589.0,2020.0,mitsubishi,outlander,4.0,gas,16441.0,clean,automatic,SUV,2.4,166
20590.0,2020.0,mitsubishi,outlander,4.0,gas,31332.0,clean,automatic,SUV,2.4,166
17990.0,2020.0,mitsubishi,outlander,4.0,gas,22000.0,clean,automatic,SUV,2.4,166
31990.0,2020.0,mitsubishi,outlander,4.0,hybrid,3101.0,clean,automatic,SUV,2.0,117
27990.0,2020.0,mitsubishi,outlander,6.0,gas,26570.0,clean,automatic,SUV,3.0,224
21990.0,2020.0,mitsubishi,outlander,4.0,gas,12069.0,clean,automatic,SUV,2.4,166
31998.0,2020.0,mitsubishi,outlander,4.0,gas,5122.0,clean,automatic,SUV,2.4,166
22495.0,2020.0,mitsubishi,outlander,4.0,gas,48182.0,clean,automatic,SUV,2.4,166
22999.0,2020.0,mitsubishi,outlander,4.0,gas,25162.0,clean,automatic,SUV,2.4,166
23898.0,2020.0,mitsubishi,outlander,4.0,gas,17003.0,clean,automatic,SUV,2.4,166
21208.0,2020.0,mitsubishi,outlander,4.0,gas,16441.0,clean,automatic,SUV,2.4,166
20873.0,2020.0,mitsubishi,outlander,4.0,gas,13464.0,clean,automatic,SUV,2.4,166
22990.0,2020.0,mitsubishi,outlander,4.0,gas,34815.0,clean,automatic,SUV,2.4,166
22495.0,2020.0,mitsubishi,outlander,4.0,gas,48182.0,clean,automatic,SUV,2.4,166
19990.0,2020.0,mitsubishi,outlander,4.0,gas,36672.0,clean,automatic,SUV,2.4,166
16942.0,2020.0,mitsubishi,outlander,4.0,gas,6782.0,clean,automatic,SUV,2.4,166
18499.0,2020.0,mitsubishi,outlander,4.0,gas,11119.0,clean,automatic,SUV,2.4,166
22999.0,2020.0,mitsubishi,outlander,4.0,gas,29891.0,clean,automatic,SUV,2.4,166
22499.0,2020.0,mitsubishi,outlander,4.0,gas,30352.0,clean,automatic,SUV,2.4,166
23998.0,2020.0,mitsubishi,outlander,4.0,gas,11167.0,clean,automatic,SUV,2.4,166
19590.0,2020.0,mitsubishi,outlander,4.0,gas,29344.0,clean,automatic,SUV,2.4,166
31990.0,2020.0,mitsubishi,outlander,4.0,hybrid,3101.0,clean,automatic,SUV,2.0,117
28630.0,2020.0,mitsubishi,outlander,4.0,gas,7219.0,clean,automatic,SUV,2.4,166
19995.0,2020.0,mitsubishi,outlander,4.0,gas,4628.0,clean,automatic,SUV,2.4,166
22595.0,2020.0,mitsubishi,outlander,4.0,gas,6719.0,clean,automatic,SUV,2.4,166
18295.0,2020.0,mitsubishi,outlander,4.0,gas,12886.0,clean,automatic,SUV,2.4,166
18795.0,2020.0,mitsubishi,outlander,4.0,gas,15609.0,clean,automatic,SUV,2.4,166
17995.0,2020.0,mitsubishi,outlander,4.0,gas,15609.0,clean,automatic,SUV,2.4,166
20990.0,2020.0,mitsubishi,outlander,4.0,gas,24420.0,clean,automatic,SUV,2.4,166
20395.0,2020.0,mitsubishi,outlander,4.0,gas,20391.0,clean,automatic,SUV,2.4,166
17500.0,2020.0,mitsubishi,outlander,4.0,gas,40591.0,clean,automatic,SUV,2.4,166
19999.0,2020.0,mitsubishi,outlander,4.0,gas,30054.0,clean,automatic,SUV,2.4,166
22999.0,2020.0,mitsubishi,outlander,4.0,gas,27678.0,clean,automatic,SUV,2.4,166
21998.0,2020.0,mitsubishi,outlander,4.0,gas,26138.0,clean,automatic,SUV,2.4,166
21999.0,2020.0,mitsubishi,outlander,4.0,gas,28833.0,clean,automatic,SUV,2.4,166
19999.0,2020.0,mitsubishi,outlander,4.0,gas,22396.0,clean,automatic,SUV,2.4,166
21975.0,2021.0,mitsubishi,outlander,4.0,gas,3703.0,clean,automatic,SUV,2.4,221
1500.0,2000.0,mitsubishi,eclipse,4.0,gas,117784.0,clean,manual,hatchback,2.4,154
1500.0,2000.0,mitsubishi,eclipse,4.0,gas,262682.0,clean,automatic,hatchback,2.4,154
1950.0,2000.0,mitsubishi,eclipse,6.0,gas,137000.0,clean,automatic,hatchback,3.0,205
3400.0,2000.0,mitsubishi,eclipse,6.0,gas,94599.0,clean,manual,hatchback,3.0,205
1300.0,2001.0,mitsubishi,eclipse,6.0,gas,142000.0,clean,automatic,hatchback,3.0,200
2500.0,2003.0,mitsubishi,eclipse,4.0,gas,162708.0,missing,automatic,hatchback,2.4,147
1200.0,2003.0,mitsubishi,eclipse,4.0,gas,171000.0,salvage,automatic,hatchback,2.4,147
1800.0,2003.0,mitsubishi,eclipse,6.0,gas,180000.0,clean,automatic,hatchback,3.0,200
1350.0,2004.0,mitsubishi,eclipse,6.0,gas,180000.0,clean,manual,hatchback,3.0,200
2000.0,2004.0,mitsubishi,eclipse,6.0,gas,240000.0,clean,automatic,hatchback,3.0,200
2000.0,2005.0,mitsubishi,eclipse,6.0,gas,78000.0,clean,automatic,hatchback,3.0,200
1800.0,2006.0,mitsubishi,eclipse,4.0,gas,192000.0,clean,automatic,hatchback,2.4,162
3000.0,2006.0,mitsubishi,eclipse,6.0,gas,175292.0,clean,automatic,hatchback,3.8,263
3000.0,2007.0,mitsubishi,eclipse,6.0,gas,145000.0,clean,automatic,hatchback,3.8,263
3000.0,2007.0,mitsubishi,eclipse,6.0,gas,145000.0,clean,automatic,hatchback,3.8,263
2550.0,2007.0,mitsubishi,eclipse,4.0,gas,123448.0,rebuilt,automatic,hatchback,2.4,162
3000.0,2007.0,mitsubishi,eclipse,6.0,gas,145000.0,clean,automatic,hatchback,3.8,263
5000.0,2008.0,mitsubishi,eclipse,4.0,gas,142909.0,clean,manual,hatchback,2.4,162
5900.0,2000.0,mitsubishi,eclipse,4.0,gas,72312.0,clean,automatic,hatchback,2.4,154
3800.0,2000.0,mitsubishi,eclipse,6.0,gas,137000.0,clean,automatic,hatchback,3.0,205
3500.0,2001.0,mitsubishi,eclipse,6.0,gas,150000.0,clean,manual,hatchback,3.0,200
3499.0,2001.0,mitsubishi,eclipse,6.0,gas,136231.0,clean,manual,hatchback,3.0,200
2095.0,2001.0,mitsubishi,eclipse,6.0,gas,110000.0,clean,manual,hatchback,3.0,200
1800.0,2001.0,mitsubishi,eclipse,4.0,gas,240000.0,clean,automatic,hatchback,2.4,147
3500.0,2001.0,mitsubishi,eclipse,6.0,gas,147000.0,clean,automatic,hatchback,3.0,200
3500.0,2002.0,mitsubishi,eclipse,6.0,gas,174000.0,clean,manual,hatchback,3.0,200
2995.0,2002.0,mitsubishi,eclipse,4.0,gas,188692.0,clean,manual,hatchback,2.4,147
2500.0,2002.0,mitsubishi,eclipse,4.0,gas,150709.0,rebuilt,manual,hatchback,2.4,147
3500.0,2002.0,mitsubishi,eclipse,6.0,gas,120000.0,clean,automatic,hatchback,3.0,200
7000.0,2002.0,mitsubishi,eclipse,4.0,gas,22944.0,clean,automatic,hatchback,2.4,147
2950.0,2002.0,mitsubishi,eclipse,4.0,gas,175000.0,clean,automatic,hatchback,2.4,147
7995.0,2002.0,mitsubishi,eclipse,6.0,gas,69300.0,clean,automatic,hatchback,3.0,200
2500.0,2002.0,mitsubishi,eclipse,4.0,gas,155603.0,clean,automatic,hatchback,2.4,147
3999.0,2003.0,mitsubishi,eclipse,6.0,gas,132000.0,clean,automatic,hatchback,3.0,200
4500.0,2003.0,mitsubishi,eclipse,6.0,gas,89459.0,clean,automatic,hatchback,3.0,200
3490.0,2003.0,mitsubishi,eclipse,4.0,gas,106322.0,clean,automatic,hatchback,2.4,147
3995.0,2003.0,mitsubishi,eclipse,6.0,gas,124000.0,clean,manual,hatchback,3.0,200
6082.0,2003.0,mitsubishi,eclipse,4.0,gas,107689.0,clean,automatic,hatchback,2.4,147
6995.0,2003.0,mitsubishi,eclipse,6.0,gas,89176.0,clean,manual,hatchback,3.0,200
2500.0,2003.0,mitsubishi,eclipse,4.0,gas,190000.0,clean,manual,hatchback,2.4,147
2800.0,2003.0,mitsubishi,eclipse,4.0,gas,160000.0,clean,automatic,hatchback,2.4,147
1200.0,2003.0,mitsubishi,eclipse,4.0,gas,126146.0,clean,manual,hatchback,2.4,147
6500.0,2003.0,mitsubishi,eclipse,6.0,gas,117000.0,clean,automatic,hatchback,3.0,200
4000.0,2003.0,mitsubishi,eclipse,6.0,gas,147000.0,clean,automatic,hatchback,3.0,200
4500.0,2003.0,mitsubishi,eclipse,6.0,gas,147000.0,clean,automatic,hatchback,3.0,200
14000.0,2003.0,mitsubishi,eclipse,6.0,gas,7600.0,clean,manual,hatchback,3.0,200
4499.0,2003.0,mitsubishi,eclipse,4.0,gas,79446.0,clean,automatic,hatchback,2.4,147
3995.0,2003.0,mitsubishi,eclipse,6.0,gas,151631.0,clean,automatic,hatchback,3.0,200
2300.0,2003.0,mitsubishi,eclipse,6.0,gas,123000.0,clean,manual,hatchback,3.0,200
1500.0,2003.0,mitsubishi,eclipse,4.0,gas,140000.0,clean,automatic,hatchback,2.4,147
2000.0,2003.0,mitsubishi,eclipse,4.0,gas,120000.0,rebuilt,manual,hatchback,2.4,147
4900.0,2004.0,mitsubishi,eclipse,4.0,gas,93000.0,clean,automatic,hatchback,2.4,147
3500.0,2004.0,mitsubishi,eclipse,4.0,gas,140000.0,clean,automatic,hatchback,2.4,147
6495.0,2004.0,mitsubishi,eclipse,6.0,gas,109210.0,clean,automatic,hatchback,3.0,200
3500.0,2004.0,mitsubishi,eclipse,4.0,gas,52000.0,salvage,automatic,hatchback,2.4,147
2900.0,2004.0,mitsubishi,eclipse,4.0,gas,116000.0,clean,automatic,hatchback,2.4,147
3900.0,2004.0,mitsubishi,eclipse,4.0,gas,164045.0,clean,automatic,hatchback,2.4,147
4800.0,2005.0,mitsubishi,eclipse,6.0,gas,50000.0,clean,manual,hatchback,3.0,200
1800.0,2006.0,mitsubishi,eclipse,4.0,gas,250000.0,clean,manual,hatchback,2.4,162
1499.0,2006.0,mitsubishi,eclipse,6.0,gas,144000.0,clean,manual,hatchback,3.8,263
4800.0,2006.0,mitsubishi,eclipse,4.0,gas,93000.0,clean,automatic,hatchback,2.4,162
7995.0,2006.0,mitsubishi,eclipse,4.0,gas,116091.0,clean,automatic,hatchback,2.4,162
5495.0,2006.0,mitsubishi,eclipse,4.0,gas,132683.0,clean,automatic,hatchback,2.4,162
5500.0,2006.0,mitsubishi,eclipse,6.0,gas,186000.0,clean,automatic,hatchback,3.8,263
4400.0,2006.0,mitsubishi,eclipse,4.0,gas,148000.0,clean,automatic,hatchback,2.4,162
2300.0,2006.0,mitsubishi,eclipse,4.0,gas,136000.0,clean,manual,hatchback,2.4,162
4999.0,2006.0,mitsubishi,eclipse,6.0,gas,104823.0,clean,manual,hatchback,3.8,263
4999.0,2006.0,mitsubishi,eclipse,6.0,gas,104823.0,clean,automatic,hatchback,3.8,263
5200.0,2006.0,mitsubishi,eclipse,4.0,gas,160608.0,clean,automatic,hatchback,2.4,162
5995.0,2006.0,mitsubishi,eclipse,4.0,gas,163199.0,clean,automatic,hatchback,2.4,162
4000.0,2006.0,mitsubishi,eclipse,6.0,gas,120000.0,clean,automatic,hatchback,3.8,263
5950.0,2007.0,mitsubishi,eclipse,4.0,gas,72000.0,clean,manual,hatchback,2.4,162
6000.0,2007.0,mitsubishi,eclipse,4.0,gas,87590.0,clean,automatic,hatchback,2.4,162
5975.0,2007.0,mitsubishi,eclipse,4.0,gas,78000.0,clean,automatic,hatchback,2.4,162
8500.0,2007.0,mitsubishi,eclipse,4.0,gas,52200.0,clean,automatic,hatchback,2.4,162
7999.0,2007.0,mitsubishi,eclipse,4.0,gas,75000.0,clean,automatic,hatchback,2.4,162
5500.0,2007.0,mitsubishi,eclipse,4.0,gas,140000.0,clean,automatic,hatchback,2.4,162
3500.0,2007.0,mitsubishi,eclipse,4.0,gas,183845.0,clean,manual,hatchback,2.4,162
2995.0,2007.0,mitsubishi,eclipse,6.0,gas,119899.0,clean,automatic,hatchback,3.8,263
3495.0,2007.0,mitsubishi,eclipse,6.0,gas,119899.0,clean,automatic,hatchback,3.8,263
3495.0,2007.0,mitsubishi,eclipse,6.0,gas,162463.0,clean,automatic,hatchback,3.8,263
4800.0,2007.0,mitsubishi,eclipse,4.0,gas,136323.0,clean,automatic,hatchback,2.4,162
4500.0,2007.0,mitsubishi,eclipse,4.0,gas,142000.0,rebuilt,automatic,hatchback,2.4,162
8995.0,2007.0,mitsubishi,eclipse,4.0,gas,79692.0,clean,automatic,hatchback,2.4,162
5400.0,2007.0,mitsubishi,eclipse,4.0,gas,116000.0,clean,manual,hatchback,2.4,162
7800.0,2007.0,mitsubishi,eclipse,6.0,gas,69000.0,clean,automatic,hatchback,3.8,263
3700.0,2007.0,mitsubishi,eclipse,4.0,gas,125605.0,clean,automatic,hatchback,2.4,162
3200.0,2007.0,mitsubishi,eclipse,4.0,gas,163333.0,clean,automatic,hatchback,2.4,162
3299.0,2007.0,mitsubishi,eclipse,4.0,gas,178200.0,clean,manual,hatchback,2.4,162
5997.0,2007.0,mitsubishi,eclipse,6.0,gas,161836.0,clean,automatic,hatchback,3.8,263
6495.0,2007.0,mitsubishi,eclipse,4.0,gas,77215.0,clean,automatic,hatchback,2.4,162
3800.0,2008.0,mitsubishi,eclipse,4.0,gas,137124.0,clean,automatic,hatchback,2.4,162
5200.0,2008.0,mitsubishi,eclipse,4.0,gas,163970.0,rebuilt,manual,hatchback,2.4,162
3995.0,2008.0,mitsubishi,eclipse,4.0,gas,280000.0,clean,automatic,hatchback,2.4,162
4000.0,2008.0,mitsubishi,eclipse,4.0,gas,185500.0,clean,automatic,hatchback,2.4,162
5495.0,2008.0,mitsubishi,eclipse,4.0,gas,158186.0,clean,automatic,hatchback,2.4,162
7900.0,2008.0,mitsubishi,eclipse,4.0,gas,78300.0,clean,automatic,hatchback,2.4,162
4995.0,2008.0,mitsubishi,eclipse,4.0,gas,146000.0,clean,automatic,hatchback,2.4,162
5000.0,2008.0,mitsubishi,eclipse,4.0,gas,142909.0,clean,automatic,hatchback,2.4,162
5000.0,2008.0,mitsubishi,eclipse,4.0,gas,142909.0,clean,manual,hatchback,2.4,162
5950.0,2008.0,mitsubishi,eclipse,4.0,gas,79989.0,clean,manual,hatchback,2.4,162
5999.0,2008.0,mitsubishi,eclipse,6.0,gas,117000.0,clean,automatic,hatchback,3.8,263
2995.0,2008.0,mitsubishi,eclipse,4.0,gas,81445.0,salvage,automatic,hatchback,2.4,162
6500.0,2008.0,mitsubishi,eclipse,6.0,gas,130000.0,clean,automatic,hatchback,3.8,263
6998.0,2009.0,mitsubishi,eclipse,4.0,gas,143795.0,clean,automatic,hatchback,2.4,162
5995.0,2009.0,mitsubishi,eclipse,4.0,gas,99000.0,clean,automatic,hatchback,2.4,162
5910.0,2009.0,mitsubishi,eclipse,4.0,gas,108000.0,clean,automatic,hatchback,2.4,162
7500.0,2009.0,mitsubishi,eclipse,4.0,gas,96000.0,rebuilt,automatic,hatchback,2.4,162
5900.0,2009.0,mitsubishi,eclipse,6.0,gas,106418.0,clean,automatic,hatchback,3.8,265
6200.0,2009.0,mitsubishi,eclipse,4.0,gas,74250.0,clean,automatic,hatchback,2.4,162
6995.0,2009.0,mitsubishi,eclipse,4.0,gas,92496.0,clean,automatic,hatchback,2.4,162
6995.0,2009.0,mitsubishi,eclipse,4.0,gas,92496.0,clean,automatic,hatchback,2.4,162
7995.0,2009.0,mitsubishi,eclipse,4.0,gas,128000.0,clean,automatic,hatchback,2.4,162
5495.0,2009.0,mitsubishi,eclipse,4.0,gas,137090.0,clean,automatic,hatchback,2.4,162
3999.0,2009.0,mitsubishi,eclipse,4.0,gas,58895.0,clean,manual,hatchback,2.4,162
6900.0,2010.0,mitsubishi,eclipse,4.0,gas,104000.0,clean,automatic,hatchback,2.4,162
6500.0,2011.0,mitsubishi,eclipse,4.0,gas,127000.0,clean,automatic,hatchback,2.4,162
4300.0,2011.0,mitsubishi,eclipse,4.0,gas,76000.0,rebuilt,automatic,hatchback,2.4,162
5495.0,2011.0,mitsubishi,eclipse,4.0,gas,172894.0,clean,automatic,hatchback,2.4,162
8994.0,2011.0,mitsubishi,eclipse,4.0,gas,87240.0,clean,automatic,hatchback,2.4,162
4500.0,2011.0,mitsubishi,eclipse,4.0,gas,87279.0,salvage,automatic,hatchback,2.4,162
6000.0,2012.0,mitsubishi,eclipse,4.0,gas,112891.0,clean,automatic,hatchback,2.4,162
5300.0,2012.0,mitsubishi,eclipse,4.0,gas,57607.0,rebuilt,automatic,hatchback,2.4,162
5495.0,2012.0,mitsubishi,eclipse,4.0,gas,115000.0,clean,automatic,hatchback,2.4,162
6990.0,2012.0,mitsubishi,eclipse,4.0,gas,72219.0,clean,automatic,hatchback,2.4,162
7995.0,2012.0,mitsubishi,eclipse,4.0,gas,111775.0,clean,automatic,hatchback,2.4,162
9300.0,2012.0,mitsubishi,eclipse,4.0,gas,43000.0,clean,automatic,hatchback,2.4,162
5488.0,2012.0,mitsubishi,eclipse,4.0,gas,120000.0,clean,automatic,hatchback,2.4,162
5499.0,2012.0,mitsubishi,eclipse,4.0,gas,120000.0,clean,automatic,hatchback,2.4,162
6995.0,2012.0,mitsubishi,eclipse,4.0,gas,106437.0,clean,automatic,hatchback,2.4,162
5800.0,2014.0,mitsubishi,mirage,3.0,gas,76191.0,clean,automatic,hatchback,1.2,74
7690.0,2014.0,mitsubishi,mirage,3.0,gas,96811.0,clean,automatic,hatchback,1.2,74
3900.0,2014.0,mitsubishi,mirage,3.0,gas,159000.0,clean,automatic,hatchback,1.2,74
6500.0,2014.0,mitsubishi,mirage,3.0,gas,129876.0,clean,automatic,hatchback,1.2,74
2995.0,2014.0,mitsubishi,mirage,3.0,gas,155187.0,clean,automatic,hatchback,1.2,74
5300.0,2014.0,mitsubishi,mirage,3.0,gas,51109.0,salvage,automatic,hatchback,1.2,74
4700.0,2014.0,mitsubishi,mirage,3.0,gas,84000.0,clean,automatic,hatchback,1.2,74
7500.0,2014.0,mitsubishi,mirage,3.0,gas,35790.0,lien,automatic,hatchback,1.2,74
5500.0,2014.0,mitsubishi,mirage,3.0,gas,72000.0,clean,automatic,hatchback,1.2,74
3800.0,2014.0,mitsubishi,mirage,3.0,gas,95422.0,clean,automatic,hatchback,1.2,74
1500.0,2014.0,mitsubishi,mirage,3.0,gas,60000.0,clean,automatic,hatchback,1.2,74
7495.0,2014.0,mitsubishi,mirage,3.0,gas,133101.0,clean,automatic,hatchback,1.2,74
4995.0,2014.0,mitsubishi,mirage,3.0,gas,146602.0,clean,automatic,hatchback,1.2,74
5500.0,2015.0,mitsubishi,mirage,3.0,gas,122000.0,clean,automatic,hatchback,1.2,74
6950.0,2015.0,mitsubishi,mirage,3.0,gas,80795.0,clean,automatic,hatchback,1.2,74
5900.0,2015.0,mitsubishi,mirage,3.0,gas,78715.0,clean,automatic,hatchback,1.2,74
5900.0,2015.0,mitsubishi,mirage,3.0,gas,89000.0,clean,automatic,hatchback,1.2,74
6988.0,2015.0,mitsubishi,mirage,3.0,gas,98313.0,clean,automatic,hatchback,1.2,74
7800.0,2015.0,mitsubishi,mirage,3.0,gas,48000.0,clean,automatic,hatchback,1.2,74
9000.0,2015.0,mitsubishi,mirage,3.0,gas,70546.0,clean,automatic,hatchback,1.2,74
6100.0,2015.0,mitsubishi,mirage,3.0,gas,95000.0,clean,automatic,hatchback,1.2,74
5999.0,2015.0,mitsubishi,mirage,3.0,gas,116085.0,clean,automatic,hatchback,1.2,74
6200.0,2015.0,mitsubishi,mirage,3.0,gas,85657.0,clean,automatic,hatchback,1.2,74
6999.0,2015.0,mitsubishi,mirage,3.0,gas,70238.0,clean,automatic,hatchback,1.2,74
7900.0,2015.0,mitsubishi,mirage,3.0,gas,31382.0,clean,automatic,hatchback,1.2,74
5995.0,2015.0,mitsubishi,mirage,3.0,gas,59000.0,clean,automatic,hatchback,1.2,74
6522.0,2015.0,mitsubishi,mirage,3.0,gas,63048.0,clean,automatic,hatchback,1.2,74
6795.0,2015.0,mitsubishi,mirage,3.0,gas,60265.0,clean,manual,hatchback,1.2,74
6950.0,2015.0,mitsubishi,mirage,3.0,gas,57826.0,clean,automatic,hatchback,1.2,74
5900.0,2015.0,mitsubishi,mirage,3.0,gas,65344.0,rebuilt,automatic,hatchback,1.2,74
6500.0,2015.0,mitsubishi,mirage,3.0,gas,76016.0,clean,automatic,hatchback,1.2,74
5750.0,2015.0,mitsubishi,mirage,3.0,gas,78000.0,clean,automatic,hatchback,1.2,74
7777.0,2015.0,mitsubishi,mirage,3.0,gas,62216.0,clean,manual,hatchback,1.2,74
5997.0,2015.0,mitsubishi,mirage,3.0,gas,85970.0,clean,automatic,hatchback,1.2,74
6900.0,2015.0,mitsubishi,mirage,3.0,gas,56109.0,rebuilt,automatic,hatchback,1.2,74
9995.0,2017.0,mitsubishi,mirage,3.0,gas,45000.0,clean,automatic,hatchback,1.2,78
8995.0,2017.0,mitsubishi,mirage,3.0,gas,120469.0,clean,automatic,hatchback,1.2,78
7900.0,2017.0,mitsubishi,mirage,3.0,gas,63874.0,clean,automatic,hatchback,1.2,78
7900.0,2017.0,mitsubishi,mirage,3.0,gas,56328.0,clean,automatic,hatchback,1.2,78
6540.0,2017.0,mitsubishi,mirage,3.0,gas,44274.0,clean,automatic,hatchback,1.2,78
6990.0,2017.0,mitsubishi,mirage,3.0,gas,35000.0,clean,automatic,hatchback,1.2,78
8995.0,2017.0,mitsubishi,mirage,3.0,gas,26912.0,clean,automatic,hatchback,1.2,78
7195.0,2017.0,mitsubishi,mirage,3.0,gas,74751.0,clean,automatic,hatchback,1.2,78
6995.0,2017.0,mitsubishi,mirage,3.0,gas,74751.0,clean,automatic,hatchback,1.2,78
9999.0,2017.0,mitsubishi,mirage,3.0,gas,62482.0,clean,automatic,hatchback,1.2,78
7995.0,2017.0,mitsubishi,mirage,3.0,gas,35428.0,clean,automatic,hatchback,1.2,78
10997.0,2017.0,mitsubishi,mirage,3.0,gas,25867.0,clean,automatic,hatchback,1.2,78
8995.0,2017.0,mitsubishi,mirage,3.0,gas,86772.0,clean,automatic,hatchback,1.2,78
5995.0,2017.0,mitsubishi,mirage,3.0,gas,98409.0,clean,automatic,hatchback,1.2,78
7995.0,2017.0,mitsubishi,mirage,3.0,gas,77902.0,clean,automatic,hatchback,1.2,78
5950.0,2017.0,mitsubishi,mirage,3.0,gas,66000.0,clean,automatic,hatchback,1.2,78
7950.0,2017.0,mitsubishi,mirage,3.0,gas,42692.0,clean,automatic,hatchback,1.2,78
5950.0,2017.0,mitsubishi,mirage,3.0,gas,97041.0,clean,automatic,hatchback,1.2,78
8500.0,2017.0,mitsubishi,mirage,3.0,gas,26540.0,clean,automatic,hatchback,1.2,78
7242.0,2017.0,mitsubishi,mirage,3.0,gas,50884.0,clean,automatic,hatchback,1.2,78
6900.0,2017.0,mitsubishi,mirage,3.0,gas,55000.0,clean,automatic,hatchback,1.2,78
8800.0,2017.0,mitsubishi,mirage,3.0,gas,50583.0,clean,manual,hatchback,1.2,78
8800.0,2017.0,mitsubishi,mirage,3.0,gas,50583.0,clean,automatic,hatchback,1.2,78
7800.0,2017.0,mitsubishi,mirage,3.0,gas,50000.0,clean,automatic,hatchback,1.2,78
8800.0,2017.0,mitsubishi,mirage,3.0,gas,50583.0,clean,automatic,hatchback,1.2,78
8995.0,2017.0,mitsubishi,mirage,3.0,gas,38632.0,clean,automatic,hatchback,1.2,78
6995.0,2017.0,mitsubishi,mirage,3.0,gas,92858.0,clean,automatic,hatchback,1.2,78
5900.0,2017.0,mitsubishi,mirage,3.0,gas,72000.0,clean,automatic,hatchback,1.2,78
7995.0,2017.0,mitsubishi,mirage,3.0,gas,76491.0,clean,automatic,hatchback,1.2,78
9995.0,2017.0,mitsubishi,mirage,3.0,gas,42323.0,clean,automatic,hatchback,1.2,78
9995.0,2017.0,mitsubishi,mirage,3.0,gas,44239.0,clean,automatic,hatchback,1.2,78
7500.0,2017.0,mitsubishi,mirage,3.0,gas,53350.0,clean,automatic,hatchback,1.2,78
9700.0,2018.0,mitsubishi,mirage,3.0,gas,43700.0,clean,automatic,hatchback,1.2,78
7500.0,2018.0,mitsubishi,mirage,3.0,gas,23000.0,clean,manual,hatchback,1.2,78
7500.0,2018.0,mitsubishi,mirage,3.0,gas,23000.0,clean,manual,hatchback,1.2,78
7500.0,2018.0,mitsubishi,mirage,3.0,gas,23000.0,clean,manual,hatchback,1.2,78
6900.0,2018.0,mitsubishi,mirage,3.0,gas,23000.0,clean,manual,hatchback,1.2,78
8899.0,2018.0,mitsubishi,mirage,3.0,gas,5939.0,clean,automatic,hatchback,1.2,78
10122.0,2018.0,mitsubishi,mirage,3.0,gas,41966.0,clean,automatic,hatchback,1.2,78
7990.0,2018.0,mitsubishi,mirage,3.0,gas,112178.0,clean,automatic,hatchback,1.2,78
8999.0,2018.0,mitsubishi,mirage,3.0,gas,46577.0,clean,automatic,hatchback,1.2,78
7995.0,2018.0,mitsubishi,mirage,3.0,gas,15051.0,clean,manual,hatchback,1.2,78
8495.0,2018.0,mitsubishi,mirage,3.0,gas,36000.0,clean,automatic,hatchback,1.2,78
7800.0,2018.0,mitsubishi,mirage,3.0,gas,22338.0,clean,automatic,hatchback,1.2,78
6988.0,2018.0,mitsubishi,mirage,3.0,gas,106205.0,clean,automatic,hatchback,1.2,78
5950.0,2018.0,mitsubishi,mirage,3.0,gas,33000.0,clean,automatic,hatchback,1.2,78
9750.0,2018.0,mitsubishi,mirage,3.0,gas,39900.0,clean,automatic,hatchback,1.2,78
10995.0,2018.0,mitsubishi,mirage,3.0,gas,53145.0,clean,automatic,hatchback,1.2,78
7395.0,2018.0,mitsubishi,mirage,3.0,gas,19000.0,rebuilt,automatic,hatchback,1.2,78
7490.0,2018.0,mitsubishi,mirage,3.0,gas,39239.0,clean,manual,hatchback,1.2,78
13998.0,2018.0,mitsubishi,mirage,3.0,gas,9000.0,clean,automatic,hatchback,1.2,78
14990.0,2019.0,mitsubishi,mirage,3.0,gas,10443.0,clean,automatic,hatchback,1.2,78
10495.0,2019.0,mitsubishi,mirage,3.0,gas,13529.0,clean,automatic,hatchback,1.2,78
8750.0,2019.0,mitsubishi,mirage,3.0,gas,36344.0,clean,automatic,hatchback,1.2,78
9991.0,2019.0,mitsubishi,mirage,3.0,gas,36766.0,clean,automatic,hatchback,1.2,78
11988.0,2019.0,mitsubishi,mirage,3.0,gas,7546.0,clean,automatic,hatchback,1.2,78
10495.0,2019.0,mitsubishi,mirage,3.0,gas,23412.0,clean,automatic,hatchback,1.2,78
11985.0,2019.0,mitsubishi,mirage,3.0,gas,29543.0,clean,automatic,hatchback,1.2,78
14683.0,2019.0,mitsubishi,mirage,3.0,gas,14463.0,clean,automatic,hatchback,1.2,78
13694.0,2019.0,mitsubishi,mirage,3.0,gas,9757.0,clean,automatic,hatchback,1.2,78
13595.0,2019.0,mitsubishi,mirage,3.0,gas,5025.0,clean,automatic,hatchback,1.2,78
8495.0,2019.0,mitsubishi,mirage,3.0,gas,25097.0,clean,automatic,hatchback,1.2,78
9684.0,2019.0,mitsubishi,mirage,3.0,gas,10595.0,clean,automatic,hatchback,1.2,78
10995.0,2019.0,mitsubishi,mirage,3.0,gas,40139.0,clean,automatic,hatchback,1.2,78
12000.0,2019.0,mitsubishi,mirage,3.0,gas,33351.0,clean,automatic,hatchback,1.2,78
13999.0,2019.0,mitsubishi,mirage,3.0,gas,18473.0,clean,manual,hatchback,1.2,78
12995.0,2019.0,mitsubishi,mirage,3.0,gas,42413.0,clean,automatic,hatchback,1.2,78
10495.0,2019.0,mitsubishi,mirage,3.0,gas,13000.0,clean,automatic,hatchback,1.2,78
10995.0,2019.0,mitsubishi,mirage,3.0,gas,13004.0,clean,automatic,hatchback,1.2,78
9995.0,2019.0,mitsubishi,mirage,3.0,gas,3600.0,clean,automatic,hatchback,1.2,78
11000.0,2019.0,mitsubishi,mirage,3.0,gas,3500.0,clean,automatic,hatchback,1.2,78
8495.0,2019.0,mitsubishi,mirage,3.0,gas,81070.0,clean,automatic,hatchback,1.2,78
10000.0,2019.0,mitsubishi,mirage,3.0,gas,14800.0,clean,automatic,hatchback,1.2,78
11998.0,2019.0,mitsubishi,mirage,3.0,gas,19902.0,clean,automatic,hatchback,1.2,78
12995.0,2019.0,mitsubishi,mirage,3.0,gas,28978.0,clean,automatic,hatchback,1.2,78
10995.0,2019.0,mitsubishi,mirage,3.0,gas,19350.0,clean,automatic,hatchback,1.2,78
11991.0,2019.0,mitsubishi,mirage,3.0,gas,9890.0,clean,automatic,hatchback,1.2,78
10995.0,2019.0,mitsubishi,mirage,3.0,gas,40741.0,clean,automatic,hatchback,1.2,78
15990.0,2020.0,mitsubishi,mirage,3.0,gas,6165.0,clean,automatic,hatchback,1.2,78
16990.0,2020.0,mitsubishi,mirage,3.0,gas,3821.0,clean,automatic,hatchback,1.2,78
15990.0,2020.0,mitsubishi,mirage,3.0,gas,10161.0,clean,automatic,hatchback,1.2,78
15990.0,2020.0,mitsubishi,mirage,3.0,gas,3780.0,clean,automatic,hatchback,1.2,78
15990.0,2020.0,mitsubishi,mirage,3.0,gas,11852.0,clean,automatic,hatchback,1.2,78
18990.0,2020.0,mitsubishi,mirage,3.0,gas,6900.0,clean,automatic,hatchback,1.2,78
17590.0,2020.0,mitsubishi,mirage,3.0,gas,4200.0,clean,automatic,hatchback,1.2,78
15990.0,2020.0,mitsubishi,mirage,3.0,gas,14668.0,clean,automatic,hatchback,1.2,78
18590.0,2020.0,mitsubishi,mirage,3.0,gas,11117.0,clean,automatic,hatchback,1.2,78
17590.0,2020.0,mitsubishi,mirage,3.0,gas,5958.0,clean,automatic,hatchback,1.2,78
15990.0,2020.0,mitsubishi,mirage,3.0,gas,8236.0,clean,automatic,hatchback,1.2,78
9995.0,2020.0,mitsubishi,mirage,3.0,gas,19200.0,clean,automatic,hatchback,1.2,78
10495.0,2020.0,mitsubishi,mirage,3.0,gas,27700.0,clean,automatic,hatchback,1.2,78
12780.0,2020.0,mitsubishi,mirage,3.0,gas,15337.0,clean,automatic,hatchback,1.2,78
6900.0,2020.0,mitsubishi,mirage,3.0,gas,27800.0,salvage,automatic,hatchback,1.2,78
11500.0,2020.0,mitsubishi,mirage,3.0,gas,11000.0,clean,automatic,hatchback,1.2,78
16995.0,2020.0,mitsubishi,mirage,3.0,gas,5773.0,clean,automatic,hatchback,1.2,78
13595.0,2020.0,mitsubishi,mirage,3.0,gas,7397.0,clean,automatic,hatchback,1.2,78
13995.0,2020.0,mitsubishi,mirage,3.0,gas,8574.0,clean,automatic,hatchback,1.2,78
12595.0,2020.0,mitsubishi,mirage,3.0,gas,17347.0,clean,automatic,hatchback,1.2,78
5488.0,2012.0,mitsubishi,i-miev,0.0,electric,45013.0,clean,automatic,hatchback,0.0,66
7000.0,2012.0,mitsubishi,i-miev,0.0,electric,40000.0,clean,automatic,hatchback,0.0,66
6979.0,2014.0,mitsubishi,i-miev,0.0,electric,70050.0,clean,automatic,hatchback,0.0,66
1900.0,2003.0,mitsubishi,galant,4.0,gas,103433.0,clean,automatic,sedan,2.4,140
2500.0,2003.0,mitsubishi,galant,6.0,gas,190003.0,clean,automatic,sedan,3.0,195
1900.0,2005.0,mitsubishi,galant,6.0,gas,147000.0,clean,automatic,sedan,3.8,230
2000.0,2006.0,mitsubishi,galant,4.0,gas,190899.0,clean,automatic,sedan,2.4,160
1550.0,2006.0,mitsubishi,galant,4.0,gas,259444.0,clean,automatic,sedan,2.4,160
4000.0,2007.0,mitsubishi,galant,4.0,gas,219000.0,salvage,automatic,sedan,2.4,160
2500.0,2000.0,mitsubishi,galant,4.0,gas,180000.0,clean,automatic,sedan,2.4,145
2995.0,2000.0,mitsubishi,galant,4.0,gas,193892.0,clean,automatic,sedan,2.4,145
1800.0,2001.0,mitsubishi,galant,6.0,gas,75947.0,clean,automatic,sedan,3.0,195
1800.0,2003.0,mitsubishi,galant,4.0,gas,90000.0,clean,automatic,sedan,2.4,140
1900.0,2003.0,mitsubishi,galant,4.0,gas,200894.0,clean,automatic,sedan,2.4,140
5499.0,2003.0,mitsubishi,galant,4.0,gas,136000.0,clean,automatic,sedan,2.4,140
1900.0,2003.0,mitsubishi,galant,4.0,gas,150000.0,clean,automatic,sedan,2.4,140
2900.0,2003.0,mitsubishi,galant,4.0,gas,70000.0,clean,automatic,sedan,2.4,140
1900.0,2003.0,mitsubishi,galant,4.0,gas,103546.0,clean,automatic,sedan,2.4,140
4800.0,2003.0,mitsubishi,galant,4.0,gas,181802.0,clean,automatic,sedan,2.4,140
4495.0,2004.0,mitsubishi,galant,4.0,gas,53000.0,clean,automatic,sedan,2.4,160
2500.0,2004.0,mitsubishi,galant,4.0,gas,167000.0,clean,automatic,sedan,2.4,160
4650.0,2004.0,mitsubishi,galant,4.0,gas,83000.0,clean,automatic,sedan,2.4,160
4950.0,2004.0,mitsubishi,galant,4.0,gas,83000.0,clean,automatic,sedan,2.4,160
1900.0,2005.0,mitsubishi,galant,6.0,gas,147000.0,clean,automatic,sedan,3.8,230
3500.0,2005.0,mitsubishi,galant,6.0,gas,76000.0,clean,automatic,sedan,3.8,230
4200.0,2005.0,mitsubishi,galant,4.0,gas,114000.0,clean,automatic,sedan,2.4,160
3800.0,2005.0,mitsubishi,galant,4.0,gas,189384.0,clean,automatic,sedan,2.4,160
1800.0,2005.0,mitsubishi,galant,6.0,gas,232000.0,clean,automatic,sedan,3.8,230
3500.0,2005.0,mitsubishi,galant,6.0,gas,161000.0,clean,automatic,sedan,3.8,230
5995.0,2006.0,mitsubishi,galant,4.0,gas,60961.0,clean,automatic,sedan,2.4,160
2900.0,2006.0,mitsubishi,galant,4.0,gas,132164.0,clean,automatic,sedan,2.4,160
3500.0,2006.0,mitsubishi,galant,6.0,gas,147541.0,clean,automatic,sedan,3.8,230
2495.0,2006.0,mitsubishi,galant,4.0,gas,178000.0,clean,automatic,sedan,2.4,160
4999.0,2006.0,mitsubishi,galant,4.0,gas,100907.0,clean,automatic,sedan,2.4,160
5550.0,2006.0,mitsubishi,galant,4.0,gas,140475.0,clean,automatic,sedan,2.4,160
2991.0,2007.0,mitsubishi,galant,4.0,gas,153166.0,clean,automatic,sedan,2.4,160
2900.0,2007.0,mitsubishi,galant,4.0,gas,169633.0,clean,automatic,sedan,2.4,160
3588.0,2007.0,mitsubishi,galant,4.0,gas,126000.0,clean,automatic,sedan,2.4,160
2450.0,2007.0,mitsubishi,galant,4.0,gas,217000.0,clean,automatic,sedan,2.4,160
2495.0,2007.0,mitsubishi,galant,4.0,gas,168694.0,clean,automatic,sedan,2.4,160
2500.0,2007.0,mitsubishi,galant,4.0,gas,109000.0,salvage,automatic,sedan,2.4,160
3500.0,2007.0,mitsubishi,galant,4.0,gas,113258.0,clean,automatic,sedan,2.4,160
5998.0,2008.0,mitsubishi,galant,6.0,gas,101000.0,clean,automatic,sedan,3.8,258
6995.0,2008.0,mitsubishi,galant,4.0,gas,75878.0,clean,automatic,sedan,2.4,160
4295.0,2008.0,mitsubishi,galant,4.0,gas,160766.0,clean,automatic,sedan,2.4,160
4995.0,2008.0,mitsubishi,galant,4.0,gas,189873.0,clean,automatic,sedan,2.4,160
5000.0,2008.0,mitsubishi,galant,4.0,gas,125363.0,clean,automatic,sedan,2.4,160
5500.0,2009.0,mitsubishi,galant,4.0,gas,75000.0,clean,automatic,sedan,2.4,160
3600.0,2009.0,mitsubishi,galant,4.0,gas,191000.0,clean,automatic,sedan,2.4,160
1500.0,2009.0,mitsubishi,galant,4.0,gas,191000.0,clean,automatic,sedan,2.4,160
4900.0,2009.0,mitsubishi,galant,4.0,gas,164185.0,clean,automatic,sedan,2.4,160
4998.0,2009.0,mitsubishi,galant,4.0,gas,164000.0,clean,automatic,sedan,2.4,160
4200.0,2009.0,mitsubishi,galant,6.0,gas,106597.0,rebuilt,automatic,sedan,3.8,258
4500.0,2009.0,mitsubishi,galant,4.0,gas,108217.0,rebuilt,automatic,sedan,2.4,160
2495.0,2009.0,mitsubishi,galant,4.0,gas,156031.0,clean,automatic,sedan,2.4,160
4500.0,2009.0,mitsubishi,galant,4.0,gas,129000.0,clean,automatic,sedan,2.4,160
4200.0,2009.0,mitsubishi,galant,4.0,gas,169000.0,clean,automatic,sedan,2.4,160
4000.0,2009.0,mitsubishi,galant,4.0,gas,130000.0,clean,automatic,sedan,2.4,160
4995.0,2010.0,mitsubishi,galant,4.0,gas,145466.0,clean,automatic,sedan,2.4,160
2900.0,2010.0,mitsubishi,galant,4.0,gas,201000.0,clean,automatic,sedan,2.4,160
4300.0,2010.0,mitsubishi,galant,4.0,gas,118894.0,clean,manual,sedan,2.4,160
2800.0,2011.0,mitsubishi,galant,4.0,gas,92600.0,salvage,automatic,sedan,2.4,160
4995.0,2011.0,mitsubishi,galant,4.0,gas,146387.0,clean,automatic,sedan,2.4,160
5995.0,2011.0,mitsubishi,galant,4.0,gas,99695.0,clean,automatic,sedan,2.4,160
4900.0,2011.0,mitsubishi,galant,4.0,gas,123900.0,clean,automatic,sedan,2.4,160
3795.0,2011.0,mitsubishi,galant,4.0,gas,165000.0,clean,automatic,sedan,2.4,160
2995.0,2011.0,mitsubishi,galant,4.0,gas,185667.0,clean,automatic,sedan,2.4,160
4900.0,2011.0,mitsubishi,galant,4.0,gas,151000.0,clean,automatic,sedan,2.4,160
3250.0,2011.0,mitsubishi,galant,4.0,gas,176500.0,salvage,automatic,sedan,2.4,160
3800.0,2011.0,mitsubishi,galant,4.0,gas,151000.0,clean,automatic,sedan,2.4,160
5995.0,2011.0,mitsubishi,galant,4.0,gas,58000.0,clean,automatic,sedan,2.4,160
3000.0,2011.0,mitsubishi,galant,4.0,gas,115000.0,clean,automatic,sedan,2.4,160
4000.0,2011.0,mitsubishi,galant,4.0,gas,119000.0,clean,automatic,sedan,2.4,160
6999.0,2011.0,mitsubishi,galant,4.0,gas,125572.0,clean,automatic,sedan,2.4,160
5499.0,2012.0,mitsubishi,galant,4.0,gas,141225.0,clean,automatic,sedan,2.4,160
6995.0,2012.0,mitsubishi,galant,4.0,gas,128105.0,clean,automatic,sedan,2.4,160
4500.0,2012.0,mitsubishi,galant,4.0,gas,105000.0,clean,automatic,sedan,2.4,160
6850.0,2012.0,mitsubishi,galant,4.0,gas,119903.0,clean,automatic,sedan,2.4,160
7750.0,2012.0,mitsubishi,galant,4.0,gas,68000.0,clean,automatic,sedan,2.4,160
6250.0,2012.0,mitsubishi,galant,4.0,gas,69188.0,clean,automatic,sedan,2.4,160
3900.0,2012.0,mitsubishi,galant,4.0,gas,169000.0,clean,automatic,sedan,2.4,160
3998.0,2012.0,mitsubishi,galant,4.0,gas,195000.0,clean,automatic,sedan,2.4,160
4495.0,2012.0,mitsubishi,galant,4.0,gas,176192.0,clean,automatic,sedan,2.4,160
5900.0,2012.0,mitsubishi,galant,4.0,gas,103000.0,clean,automatic,sedan,2.4,160
4950.0,2012.0,mitsubishi,galant,4.0,gas,170759.0,clean,automatic,sedan,2.4,160
1800.0,2004.0,mitsubishi,lancer,4.0,gas,144400.0,clean,automatic,sedan,2.0,120
1100.0,2004.0,mitsubishi,lancer,4.0,gas,170000.0,clean,automatic,sedan,2.0,120
2500.0,2005.0,mitsubishi,lancer,4.0,gas,200000.0,clean,manual,sedan,2.0,120
2500.0,2005.0,mitsubishi,lancer,4.0,gas,180000.0,clean,manual,sedan,2.0,120
3500.0,2008.0,mitsubishi,lancer,4.0,gas,177000.0,clean,automatic,sedan,2.0,152
3200.0,2009.0,mitsubishi,lancer,4.0,gas,198000.0,clean,automatic,sedan,2.0,152
3300.0,2009.0,mitsubishi,lancer,4.0,gas,167000.0,salvage,automatic,sedan,2.0,152
4000.0,2010.0,mitsubishi,lancer,4.0,gas,97000.0,clean,manual,sedan,2.0,152
2700.0,2002.0,mitsubishi,lancer,4.0,gas,108220.0,clean,automatic,sedan,2.0,120
1900.0,2002.0,mitsubishi,lancer,4.0,gas,222400.0,clean,automatic,sedan,2.0,120
2500.0,2002.0,mitsubishi,lancer,4.0,gas,128498.0,clean,manual,sedan,2.0,120
2999.0,2002.0,mitsubishi,lancer,4.0,gas,125801.0,clean,automatic,sedan,2.0,120
1977.0,2003.0,mitsubishi,lancer,4.0,gas,238757.0,clean,manual,sedan,2.0,120
2900.0,2003.0,mitsubishi,lancer,4.0,gas,169000.0,clean,automatic,sedan,2.0,120
3000.0,2003.0,mitsubishi,lancer,4.0,gas,147000.0,clean,manual,sedan,2.0,120
2995.0,2003.0,mitsubishi,lancer,4.0,gas,230895.0,clean,manual,sedan,2.0,120
1995.0,2003.0,mitsubishi,lancer,4.0,gas,114208.0,clean,automatic,sedan,2.0,120
3195.0,2003.0,mitsubishi,lancer,4.0,gas,180743.0,clean,automatic,sedan,2.0,120
1500.0,2003.0,mitsubishi,lancer,4.0,gas,215000.0,clean,automatic,sedan,2.0,120
3350.0,2003.0,mitsubishi,lancer,4.0,gas,94458.0,clean,automatic,sedan,2.0,120
2100.0,2003.0,mitsubishi,lancer,4.0,gas,165000.0,clean,automatic,sedan,2.0,120
4000.0,2003.0,mitsubishi,lancer,4.0,gas,74500.0,clean,manual,sedan,2.0,120
12374.0,2003.0,mitsubishi,lancer,4.0,gas,100000.0,clean,manual,sedan,2.0,120
2500.0,2004.0,mitsubishi,lancer,4.0,gas,190000.0,clean,automatic,sedan,2.0,120
2350.0,2004.0,mitsubishi,lancer,4.0,gas,154000.0,clean,automatic,sedan,2.0,120
2000.0,2004.0,mitsubishi,lancer,4.0,gas,208186.0,clean,automatic,sedan,2.0,120
4900.0,2004.0,mitsubishi,lancer,4.0,gas,126000.0,clean,automatic,sedan,2.0,120
13038.0,2004.0,mitsubishi,lancer,4.0,gas,65940.0,clean,manual,sedan,2.0,120
4995.0,2005.0,mitsubishi,lancer,4.0,gas,126244.0,clean,automatic,sedan,2.0,120
3500.0,2005.0,mitsubishi,lancer,4.0,gas,125417.0,rebuilt,automatic,sedan,2.0,120
13047.0,2005.0,mitsubishi,lancer,4.0,gas,125000.0,clean,manual,sedan,2.0,120
2100.0,2006.0,mitsubishi,lancer,4.0,gas,123800.0,clean,automatic,sedan,2.0,120
3950.0,2006.0,mitsubishi,lancer,4.0,gas,214188.0,clean,automatic,sedan,2.0,120
2900.0,2006.0,mitsubishi,lancer,4.0,gas,110000.0,clean,automatic,sedan,2.0,120
4495.0,2006.0,mitsubishi,lancer,4.0,gas,57913.0,clean,automatic,sedan,2.0,120
3499.0,2006.0,mitsubishi,lancer,4.0,gas,170000.0,clean,automatic,sedan,2.0,120
14427.0,2006.0,mitsubishi,lancer,4.0,gas,134826.0,clean,manual,sedan,2.0,120
5995.0,2007.0,mitsubishi,lancer,4.0,gas,231132.0,clean,manual,sedan,2.0,120
4395.0,2008.0,mitsubishi,lancer,4.0,gas,109000.0,clean,automatic,sedan,2.0,152
2900.0,2008.0,mitsubishi,lancer,4.0,gas,154000.0,clean,automatic,sedan,2.0,152
4950.0,2008.0,mitsubishi,lancer,4.0,gas,74239.0,clean,automatic,sedan,2.0,152
4950.0,2008.0,mitsubishi,lancer,4.0,gas,74239.0,clean,automatic,sedan,2.0,152
4500.0,2008.0,mitsubishi,lancer,4.0,gas,127000.0,clean,manual,sedan,2.0,152
3400.0,2008.0,mitsubishi,lancer,4.0,gas,195000.0,clean,automatic,sedan,2.0,152
4695.0,2008.0,mitsubishi,lancer,4.0,gas,138514.0,clean,manual,sedan,2.0,152
4500.0,2008.0,mitsubishi,lancer,4.0,gas,168000.0,clean,manual,sedan,2.0,152
5499.0,2008.0,mitsubishi,lancer,4.0,gas,147399.0,clean,automatic,sedan,2.0,152
10995.0,2008.0,mitsubishi,lancer,4.0,gas,144000.0,clean,manual,sedan,2.0,152
16018.0,2008.0,mitsubishi,lancer,4.0,gas,74000.0,clean,manual,sedan,2.0,152
16021.0,2008.0,mitsubishi,lancer,4.0,gas,61058.0,clean,manual,sedan,2.0,152
15607.0,2008.0,mitsubishi,lancer,4.0,gas,115964.0,clean,manual,sedan,2.0,152
14825.0,2008.0,mitsubishi,lancer,4.0,gas,147890.0,clean,manual,sedan,2.0,152
15883.0,2008.0,mitsubishi,lancer,4.0,gas,130600.0,clean,manual,sedan,2.0,152
15281.0,2008.0,mitsubishi,lancer,4.0,gas,84000.0,clean,manual,sedan,2.0,152
15652.0,2008.0,mitsubishi,lancer,4.0,gas,61704.0,clean,manual,sedan,2.0,152
6500.0,2009.0,mitsubishi,lancer,4.0,gas,131111.0,clean,manual,sedan,2.0,152
4995.0,2009.0,mitsubishi,lancer,4.0,gas,97000.0,clean,automatic,sedan,2.0,152
7200.0,2009.0,mitsubishi,lancer,4.0,gas,74356.0,clean,automatic,sedan,2.0,152
6500.0,2009.0,mitsubishi,lancer,4.0,gas,99840.0,clean,automatic,sedan,2.0,152
6195.0,2009.0,mitsubishi,lancer,4.0,gas,98670.0,clean,automatic,sedan,2.0,152
4995.0,2009.0,mitsubishi,lancer,4.0,gas,122896.0,clean,manual,sedan,2.0,152
4800.0,2009.0,mitsubishi,lancer,4.0,gas,115568.0,clean,manual,sedan,2.0,152
6995.0,2009.0,mitsubishi,lancer,4.0,gas,133458.0,clean,automatic,sedan,2.0,152
6995.0,2009.0,mitsubishi,lancer,4.0,gas,133478.0,clean,automatic,sedan,2.0,152
3900.0,2010.0,mitsubishi,lancer,4.0,gas,150000.0,clean,automatic,sedan,2.0,152
6900.0,2010.0,mitsubishi,lancer,4.0,gas,98000.0,clean,manual,sedan,2.0,152
2999.0,2010.0,mitsubishi,lancer,4.0,gas,122000.0,clean,automatic,sedan,2.0,152
8500.0,2010.0,mitsubishi,lancer,4.0,gas,106436.0,clean,manual,sedan,2.0,152
7900.0,2010.0,mitsubishi,lancer,4.0,gas,85144.0,clean,manual,sedan,2.0,152
7200.0,2010.0,mitsubishi,lancer,4.0,gas,85683.0,clean,manual,sedan,2.0,152
6995.0,2010.0,mitsubishi,lancer,4.0,gas,133535.0,clean,automatic,sedan,2.0,152
8000.0,2010.0,mitsubishi,lancer,4.0,gas,110000.0,clean,manual,sedan,2.0,152
15000.0,2010.0,mitsubishi,lancer,4.0,gas,72500.0,clean,automatic,sedan,2.0,152
4900.0,2010.0,mitsubishi,lancer,4.0,gas,101806.0,salvage,automatic,sedan,2.0,152
5999.0,2010.0,mitsubishi,lancer,4.0,gas,146903.0,clean,automatic,sedan,2.0,152
7500.0,2010.0,mitsubishi,lancer,4.0,gas,85392.0,clean,automatic,sedan,2.0,152
6499.0,2010.0,mitsubishi,lancer,4.0,gas,124121.0,clean,automatic,sedan,2.0,152
5900.0,2010.0,mitsubishi,lancer,4.0,gas,140000.0,clean,automatic,sedan,2.0,152
4900.0,2010.0,mitsubishi,lancer,4.0,gas,156550.0,clean,automatic,sedan,2.0,152
1900.0,2010.0,mitsubishi,lancer,4.0,gas,161605.0,salvage,automatic,sedan,2.0,152
7950.0,2010.0,mitsubishi,lancer,4.0,gas,127000.0,clean,automatic,sedan,2.0,152
16888.0,2010.0,mitsubishi,lancer,4.0,gas,156465.0,clean,automatic,sedan,2.0,152
5499.0,2010.0,mitsubishi,lancer,4.0,gas,198000.0,clean,automatic,sedan,2.0,152
5999.0,2010.0,mitsubishi,lancer,4.0,gas,171718.0,clean,manual,sedan,2.0,152
5999.0,2010.0,mitsubishi,lancer,4.0,gas,120141.0,clean,automatic,sedan,2.0,152
16442.0,2010.0,mitsubishi,lancer,4.0,gas,105219.0,clean,automatic,sedan,2.0,152
16928.0,2010.0,mitsubishi,lancer,4.0,gas,84225.0,clean,manual,sedan,2.0,152
24000.0,2011.0,mitsubishi,lancer,4.0,gas,101898.0,clean,automatic,sedan,2.0,148
6000.0,2011.0,mitsubishi,lancer,4.0,gas,111000.0,clean,automatic,sedan,2.0,148
11900.0,2011.0,mitsubishi,lancer,4.0,gas,118047.0,clean,automatic,sedan,2.0,148
5750.0,2011.0,mitsubishi,lancer,4.0,gas,105700.0,clean,automatic,sedan,2.0,148
22995.0,2011.0,mitsubishi,lancer,4.0,gas,136000.0,clean,manual,sedan,2.0,148
2700.0,2011.0,mitsubishi,lancer,4.0,gas,161201.0,clean,automatic,sedan,2.0,148
5275.0,2011.0,mitsubishi,lancer,4.0,gas,150000.0,clean,automatic,sedan,2.0,148
6800.0,2011.0,mitsubishi,lancer,4.0,gas,115121.0,clean,manual,sedan,2.0,148
5900.0,2011.0,mitsubishi,lancer,4.0,gas,149000.0,clean,automatic,sedan,2.0,148
6800.0,2011.0,mitsubishi,lancer,4.0,gas,115222.0,clean,manual,sedan,2.0,148
6800.0,2011.0,mitsubishi,lancer,4.0,gas,115111.0,clean,manual,sedan,2.0,148
4995.0,2011.0,mitsubishi,lancer,4.0,gas,115523.0,clean,automatic,sedan,2.0,148
5990.0,2011.0,mitsubishi,lancer,4.0,gas,107000.0,clean,automatic,sedan,2.0,148
7000.0,2011.0,mitsubishi,lancer,4.0,gas,81204.0,clean,automatic,sedan,2.0,148
4950.0,2011.0,mitsubishi,lancer,4.0,gas,110000.0,clean,automatic,sedan,2.0,148
4450.0,2011.0,mitsubishi,lancer,4.0,gas,93235.0,clean,automatic,sedan,2.0,148
4999.0,2011.0,mitsubishi,lancer,4.0,gas,119717.0,clean,automatic,sedan,2.0,148
2995.0,2011.0,mitsubishi,lancer,4.0,gas,204810.0,clean,automatic,sedan,2.0,148
2999.0,2011.0,mitsubishi,lancer,4.0,gas,159262.0,clean,automatic,sedan,2.0,148
8450.0,2012.0,mitsubishi,lancer,4.0,gas,64000.0,salvage,manual,sedan,2.0,148
7400.0,2012.0,mitsubishi,lancer,4.0,gas,57434.0,clean,automatic,sedan,2.0,148
7800.0,2012.0,mitsubishi,lancer,4.0,gas,57434.0,clean,automatic,sedan,2.0,148
7999.0,2012.0,mitsubishi,lancer,4.0,gas,57434.0,clean,automatic,sedan,2.0,148
7995.0,2012.0,mitsubishi,lancer,4.0,gas,84457.0,clean,automatic,sedan,2.0,148
7995.0,2012.0,mitsubishi,lancer,4.0,gas,84518.0,clean,automatic,sedan,2.0,148
31980.0,2012.0,mitsubishi,lancer,4.0,gas,41692.0,clean,automatic,sedan,2.0,148
12900.0,2012.0,mitsubishi,lancer,4.0,gas,110000.0,clean,automatic,sedan,2.0,148
4800.0,2012.0,mitsubishi,lancer,4.0,gas,129129.0,clean,automatic,sedan,2.0,148
28990.0,2012.0,mitsubishi,lancer,4.0,gas,84001.0,clean,automatic,sedan,2.0,148
6499.0,2012.0,mitsubishi,lancer,4.0,gas,94000.0,clean,automatic,sedan,2.0,148
3950.0,2012.0,mitsubishi,lancer,4.0,gas,139000.0,clean,automatic,sedan,2.0,148
6904.0,2012.0,mitsubishi,lancer,4.0,gas,111698.0,clean,automatic,sedan,2.0,148
6995.0,2013.0,mitsubishi,lancer,4.0,gas,80736.0,clean,automatic,sedan,2.0,148
25000.0,2013.0,mitsubishi,lancer,4.0,gas,120000.0,clean,manual,sedan,2.0,148
8990.0,2013.0,mitsubishi,lancer,4.0,gas,61032.0,clean,automatic,sedan,2.0,148
2000.0,2013.0,mitsubishi,lancer,4.0,gas,12914.0,clean,automatic,sedan,2.0,148
7995.0,2013.0,mitsubishi,lancer,4.0,gas,108597.0,clean,automatic,sedan,2.0,148
7495.0,2013.0,mitsubishi,lancer,4.0,gas,108597.0,clean,automatic,sedan,2.0,148
5995.0,2013.0,mitsubishi,lancer,4.0,gas,140000.0,clean,automatic,sedan,2.0,148
31295.0,2013.0,mitsubishi,lancer,4.0,gas,54866.0,clean,automatic,sedan,2.0,148
8999.0,2013.0,mitsubishi,lancer,4.0,gas,79000.0,clean,automatic,sedan,2.0,148
25000.0,2013.0,mitsubishi,lancer,4.0,gas,75000.0,lien,manual,sedan,2.0,148
7495.0,2013.0,mitsubishi,lancer,4.0,gas,124000.0,clean,automatic,sedan,2.0,148
5800.0,2013.0,mitsubishi,lancer,4.0,gas,103393.0,clean,automatic,sedan,2.0,148
5995.0,2013.0,mitsubishi,lancer,4.0,gas,135337.0,clean,automatic,sedan,2.0,148
5999.0,2014.0,mitsubishi,lancer,4.0,gas,151488.0,clean,automatic,sedan,2.0,148
30990.0,2014.0,mitsubishi,lancer,4.0,gas,38722.0,clean,automatic,sedan,2.0,148
8399.0,2014.0,mitsubishi,lancer,4.0,gas,68000.0,clean,automatic,sedan,2.0,148
10000.0,2014.0,mitsubishi,lancer,4.0,gas,73868.0,salvage,automatic,sedan,2.0,148
6500.0,2014.0,mitsubishi,lancer,4.0,gas,75000.0,clean,automatic,sedan,2.0,148
7995.0,2014.0,mitsubishi,lancer,4.0,gas,85335.0,clean,automatic,sedan,2.0,148
14985.0,2014.0,mitsubishi,lancer,4.0,gas,93213.0,clean,automatic,sedan,2.0,148
27000.0,2014.0,mitsubishi,lancer,4.0,gas,81904.0,clean,automatic,sedan,2.0,148
6800.0,2014.0,mitsubishi,lancer,4.0,gas,113000.0,clean,automatic,sedan,2.0,148
6488.0,2014.0,mitsubishi,lancer,4.0,gas,90000.0,clean,automatic,sedan,2.0,148
21999.0,2014.0,mitsubishi,lancer,4.0,gas,114000.0,clean,manual,sedan,2.0,148
32995.0,2014.0,mitsubishi,lancer,4.0,gas,65034.0,clean,manual,sedan,2.0,148
21995.0,2014.0,mitsubishi,lancer,4.0,gas,71603.0,salvage,manual,sedan,2.0,148
5995.0,2014.0,mitsubishi,lancer,4.0,gas,150881.0,salvage,manual,sedan,2.0,148
25900.0,2014.0,mitsubishi,lancer,4.0,gas,82750.0,clean,manual,sedan,2.0,148
9490.0,2014.0,mitsubishi,lancer,4.0,gas,34281.0,rebuilt,automatic,sedan,2.0,148
7990.0,2014.0,mitsubishi,lancer,4.0,gas,107450.0,clean,manual,sedan,2.0,148
19000.0,2014.0,mitsubishi,lancer,4.0,gas,78000.0,rebuilt,manual,sedan,2.0,148
6500.0,2015.0,mitsubishi,lancer,4.0,gas,61000.0,salvage,automatic,sedan,2.0,148
6500.0,2015.0,mitsubishi,lancer,4.0,gas,61000.0,salvage,automatic,sedan,2.0,148
8995.0,2015.0,mitsubishi,lancer,4.0,gas,88000.0,clean,automatic,sedan,2.0,148
11999.0,2015.0,mitsubishi,lancer,4.0,gas,90939.0,clean,automatic,sedan,2.0,148
10515.0,2015.0,mitsubishi,lancer,4.0,gas,88117.0,clean,automatic,sedan,2.0,148
39999.0,2015.0,mitsubishi,lancer,4.0,gas,46525.0,clean,automatic,sedan,2.0,148
7500.0,2015.0,mitsubishi,lancer,4.0,gas,64000.0,clean,automatic,sedan,2.0,148
8500.0,2015.0,mitsubishi,lancer,4.0,gas,64000.0,clean,automatic,sedan,2.0,148
5950.0,2015.0,mitsubishi,lancer,4.0,gas,101073.0,clean,automatic,sedan,2.0,148
6350.0,2015.0,mitsubishi,lancer,4.0,gas,101073.0,clean,automatic,sedan,2.0,148
12995.0,2015.0,mitsubishi,lancer,4.0,gas,98123.0,clean,automatic,sedan,2.0,148
14990.0,2015.0,mitsubishi,lancer,4.0,gas,114849.0,clean,automatic,sedan,2.0,148
9998.0,2015.0,mitsubishi,lancer,4.0,gas,52044.0,clean,automatic,sedan,2.0,148
10900.0,2015.0,mitsubishi,lancer,4.0,gas,128471.0,clean,automatic,sedan,2.0,148
6900.0,2015.0,mitsubishi,lancer,4.0,gas,105000.0,rebuilt,automatic,sedan,2.0,148
8950.0,2016.0,mitsubishi,lancer,4.0,gas,94115.0,clean,automatic,sedan,2.0,148
11999.0,2016.0,mitsubishi,lancer,4.0,gas,42943.0,clean,automatic,sedan,2.0,148
7995.0,2016.0,mitsubishi,lancer,4.0,gas,85527.0,clean,automatic,sedan,2.0,148
6999.0,2016.0,mitsubishi,lancer,4.0,gas,62366.0,salvage,automatic,sedan,2.0,148
9995.0,2016.0,mitsubishi,lancer,4.0,gas,85577.0,clean,automatic,sedan,2.0,148
10500.0,2016.0,mitsubishi,lancer,4.0,gas,37000.0,lien,automatic,sedan,2.0,148
8990.0,2016.0,mitsubishi,lancer,4.0,gas,109670.0,clean,automatic,sedan,2.0,148
13900.0,2016.0,mitsubishi,lancer,4.0,gas,28856.0,clean,automatic,sedan,2.0,148
16990.0,2017.0,mitsubishi,lancer,4.0,gas,26154.0,clean,automatic,sedan,2.0,148
10950.0,2017.0,mitsubishi,lancer,4.0,gas,71876.0,clean,automatic,sedan,2.0,148
9500.0,2017.0,mitsubishi,lancer,4.0,gas,79014.0,clean,automatic,sedan,2.0,148
11598.0,2017.0,mitsubishi,lancer,4.0,gas,85179.0,clean,manual,sedan,2.0,148
8650.0,2017.0,mitsubishi,lancer,4.0,gas,79014.0,clean,automatic,sedan,2.0,148
10000.0,2017.0,mitsubishi,lancer,4.0,gas,88132.0,clean,automatic,sedan,2.0,148
12999.0,2017.0,mitsubishi,lancer,4.0,gas,80222.0,clean,automatic,sedan,2.0,148
15632.0,2017.0,mitsubishi,lancer,4.0,gas,34032.0,clean,automatic,sedan,2.0,148
13000.0,2017.0,mitsubishi,lancer,4.0,gas,95594.0,clean,automatic,sedan,2.0,148
13000.0,2017.0,mitsubishi,lancer,4.0,gas,95594.0,clean,automatic,sedan,2.0,148
10990.0,2017.0,mitsubishi,lancer,4.0,gas,85000.0,clean,automatic,sedan,2.0,148
10985.0,2017.0,mitsubishi,lancer,4.0,gas,81406.0,clean,automatic,sedan,2.0,148
14300.0,2017.0,mitsubishi,lancer,4.0,gas,24044.0,clean,automatic,sedan,2.0,148
14995.0,2017.0,mitsubishi,lancer,4.0,gas,25031.0,clean,automatic,sedan,2.0,148
11490.0,2017.0,mitsubishi,lancer,4.0,gas,58400.0,clean,automatic,sedan,2.0,148
8995.0,2017.0,mitsubishi,lancer,4.0,gas,103000.0,clean,automatic,sedan,2.0,148
12895.0,2017.0,mitsubishi,lancer,4.0,gas,58857.0,clean,automatic,sedan,2.0,148
10900.0,2017.0,mitsubishi,lancer,4.0,gas,59430.0,clean,automatic,sedan,2.0,148
10500.0,2017.0,mitsubishi,lancer,4.0,gas,59430.0,clean,automatic,sedan,2.0,148
3500.0,2001.0,mitsubishi,diamante,6.0,gas,202560.0,clean,automatic,sedan,3.5,205
2500.0,2002.0,mitsubishi,diamante,6.0,gas,176499.0,clean,automatic,sedan,3.5,205
5599.0,2003.0,mitsubishi,diamante,6.0,gas,42542.0,clean,automatic,sedan,3.5,205
2850.0,2003.0,mitsubishi,diamante,6.0,gas,216000.0,clean,automatic,sedan,3.5,205
2900.0,2003.0,mitsubishi,diamante,6.0,gas,111201.0,clean,automatic,sedan,3.5,205
3990.0,2004.0,mitsubishi,diamante,6.0,gas,118292.0,clean,automatic,sedan,3.5,205
22700.0,2011.0,mitsubishi,evolution,4.0,gas,103000.0,clean,manual,sedan,2.0,291
34999.0,2014.0,mitsubishi,evolution,4.0,gas,45082.0,clean,automatic,sedan,2.0,291
8999.0,2006.0,mitsubishi,raider,6.0,gas,83000.0,clean,automatic,pickup,3.7,210
9500.0,2006.0,mitsubishi,raider,6.0,gas,83000.0,clean,automatic,pickup,3.7,210
8950.0,2006.0,mitsubishi,raider,6.0,gas,8650.0,clean,automatic,pickup,3.7,210
7495.0,2006.0,mitsubishi,raider,8.0,gas,156500.0,clean,automatic,pickup,4.7,230
7995.0,2007.0,mitsubishi,raider,6.0,gas,83500.0,clean,manual,pickup,3.7,210
7995.0,2007.0,mitsubishi,raider,6.0,gas,148090.0,clean,automatic,pickup,3.7,210
9500.0,2007.0,mitsubishi,raider,6.0,gas,97500.0,lien,automatic,pickup,3.7,210
6300.0,2008.0,mitsubishi,raider,6.0,gas,175617.0,clean,automatic,pickup,3.7,210
2999.0,2009.0,mitsubishi,raider,6.0,gas,113812.0,clean,automatic,pickup,3.7,210
18990.0,2018.0,mitsubishi,eclipse,4.0,gas,15808.0,clean,automatic,crossover,1.5,152
19590.0,2018.0,mitsubishi,eclipse,4.0,gas,16413.0,clean,automatic,crossover,1.5,152
23800.0,2018.0,mitsubishi,eclipse,4.0,gas,16266.0,clean,automatic,crossover,1.5,152
24999.0,2018.0,mitsubishi,eclipse,4.0,gas,26586.0,clean,automatic,crossover,1.5,152
18932.0,2018.0,mitsubishi,eclipse,4.0,gas,53260.0,clean,automatic,crossover,1.5,152
18932.0,2018.0,mitsubishi,eclipse,4.0,gas,53260.0,clean,automatic,crossover,1.5,152
16995.0,2018.0,mitsubishi,eclipse,4.0,gas,94520.0,clean,automatic,crossover,1.5,152
22067.0,2018.0,mitsubishi,eclipse,4.0,gas,16266.0,clean,automatic,crossover,1.5,152
19999.0,2018.0,mitsubishi,eclipse,4.0,gas,29083.0,clean,automatic,crossover,1.5,152
16995.0,2018.0,mitsubishi,eclipse,4.0,gas,14346.0,clean,automatic,crossover,1.5,152
18590.0,2019.0,mitsubishi,eclipse,4.0,gas,33602.0,clean,automatic,crossover,1.5,152
18590.0,2019.0,mitsubishi,eclipse,4.0,gas,41188.0,clean,automatic,crossover,1.5,152
20000.0,2019.0,mitsubishi,eclipse,4.0,gas,6596.0,clean,automatic,crossover,1.5,152
19990.0,2019.0,mitsubishi,eclipse,4.0,gas,35313.0,clean,automatic,crossover,1.5,152
17900.0,2019.0,mitsubishi,eclipse,4.0,gas,35418.0,clean,automatic,crossover,1.5,152
18990.0,2019.0,mitsubishi,eclipse,4.0,gas,37757.0,clean,automatic,crossover,1.5,152
20990.0,2019.0,mitsubishi,eclipse,4.0,gas,11128.0,clean,automatic,crossover,1.5,152
17990.0,2019.0,mitsubishi,eclipse,4.0,gas,31261.0,clean,automatic,crossover,1.5,152
19590.0,2019.0,mitsubishi,eclipse,4.0,gas,33824.0,clean,automatic,crossover,1.5,152
18990.0,2019.0,mitsubishi,eclipse,4.0,gas,33602.0,clean,automatic,crossover,1.5,152
16999.0,2019.0,mitsubishi,eclipse,4.0,gas,38790.0,clean,automatic,crossover,1.5,152
16700.0,2019.0,mitsubishi,eclipse,4.0,gas,48885.0,clean,automatic,crossover,1.5,152
20317.0,2019.0,mitsubishi,eclipse,4.0,gas,46198.0,clean,automatic,crossover,1.5,152
17600.0,2019.0,mitsubishi,eclipse,4.0,gas,32051.0,clean,automatic,crossover,1.5,152
18990.0,2019.0,mitsubishi,eclipse,4.0,gas,47637.0,clean,automatic,crossover,1.5,152
19990.0,2019.0,mitsubishi,eclipse,4.0,gas,30308.0,clean,automatic,crossover,1.5,152
17990.0,2019.0,mitsubishi,eclipse,4.0,gas,32259.0,clean,automatic,crossover,1.5,152
26990.0,2019.0,mitsubishi,eclipse,4.0,gas,15752.0,clean,automatic,crossover,1.5,152
13000.0,2019.0,mitsubishi,eclipse,4.0,gas,18095.0,rebuilt,automatic,crossover,1.5,152
19795.0,2019.0,mitsubishi,eclipse,4.0,gas,19938.0,clean,automatic,crossover,1.5,152
23998.0,2020.0,mitsubishi,eclipse,4.0,gas,33399.0,clean,automatic,crossover,1.5,152
22990.0,2020.0,mitsubishi,eclipse,4.0,gas,11215.0,clean,automatic,crossover,1.5,152
16800.0,2020.0,mitsubishi,eclipse,4.0,gas,14000.0,clean,automatic,crossover,1.5,152
